email_id,sender,sender_domain,subject,body,urls,attachment_name,label
PHISH_0032,it-desk@global-system-update.invalid.test,global-system-update.invalid.test,CRITICAL: Password Expiration Notice - Upgrade Email Quota Immediately,"Attention Employee,

Your corporate email password and mailbox storage quota will expire in 2 hours.
All incoming and outgoing communications will be blocked unless you confirm your existing password and upgrade your mailbox capacity.

Keep Same Password and Retain Access: Click Here Immediately:
http://login.corporate-mail.invalid.test/user-portal/login.php

Enter your email, current password, and two-factor code to restore full access.

IT Support Helpdesk",http://login.corporate-mail.invalid.test/user-portal/login.php,Update_Patch.bat,PHISHING
PHISH_0009,winner-notification@international-lottery.invalid.test,international-lottery.invalid.test,"CONGRATULATIONS! You Have Won $2,500,000 Cash Prize in Annual Lottery Draw","Dear Lucky Winner,

We are pleased to inform you that your email address was selected as the 1st prize winner in our International Mega Promotion Draw 2026!
You have been awarded a lump sum payout of $2,500,000.00 USD.

To claim your winnings, you must confirm your personal details immediately:
1. Full Legal Name
2. Date of Birth
3. Home Address & Phone Number
4. Bank Account Routing Number

Click here to submit your claim form and verify identity: http://203.0.113.45/claims/winner-verification

Act now! Unclaimed prizes will be forfeited after 48 hours.

Claims Department",http://203.0.113.45/claims/winner-verification,ClaimForm.vbs,PHISHING
LEGIT_0127,library-services@stanford-sample.example.edu,stanford-sample.example.edu,Book Return Reminder: Due in 3 Days,"Hello Taylor Swift,

This is a courtesy reminder that the following borrowed library book is due on Thursday:
Title: Foundations of Computer Networks and Distributed Systems

You can renew this item online if no hold requests have been placed by other students:
https://library.stanford-sample.example.edu/renewals

Thank you for utilizing campus library resources,
University Library Circulations",https://library.stanford-sample.example.edu/renewals,,LEGITIMATE
LEGIT_0224,hr-benefits@novasolutions.example.org,novasolutions.example.org,Annual Health Benefits Open Enrollment Window,"Dear Employee,

The annual benefits enrollment period will open next Monday and run through November 15.
During this window, you can review or modify your medical, dental, and vision insurance coverage.

Detailed benefit summaries and contribution calculators are available on the employee intranet:
https://intranet.novasolutions.example.org/hr/benefits-2026

Please reach out to hr-benefits@novasolutions.example.org if you have any questions.

Sincerely,
Human Resources Department",https://intranet.novasolutions.example.org/hr/benefits-2026,Benefits_Guide_2026.pdf,LEGITIMATE
LEGIT_0072,it-service-desk@synapse.example.com,synapse.example.com,Scheduled Maintenance Notice: Campus Network Upgrades,"Hello Everyone,

IT Services will perform routine network infrastructure upgrades this Saturday between 1:00 AM and 5:00 AM.
During this maintenance window, access to Wi-Fi and internal file shares may experience brief intermittent interruptions.

No action is required on your part. Cloud applications such as email and video conferencing will remain accessible.

Track status updates on our service portal: https://status.synapse.example.com

Thank you for your patience,
IT Infrastructure Operations",https://status.synapse.example.com,,LEGITIMATE
PHISH_0054,payroll-update@company-benefits-review.invalid.test,company-benefits-review.invalid.test,MANDATORY: Verify Direct Deposit and Tax Information Immediately,"Dear Colleague,

Due to updated tax compliance regulations, all employees are required to verify their direct deposit bank accounts and Social Security numbers by 5:00 PM today.
Failure to verify your details will result in your upcoming payroll check being delayed indefinitely.

Review and submit your payroll verification form here:
http://payroll-portal.auth-portal.invalid.test/direct-deposit

Corporate Payroll & Human Resources",http://payroll-portal.auth-portal.invalid.test/direct-deposit,DirectDepositForm.pdf.js,PHISHING
LEGIT_0083,it-service-desk@crestview.example.com,crestview.example.com,Scheduled Maintenance Notice: Campus Network Upgrades,"Hello Everyone,

IT Services will perform routine network infrastructure upgrades this Saturday between 1:00 AM and 5:00 AM.
During this maintenance window, access to Wi-Fi and internal file shares may experience brief intermittent interruptions.

No action is required on your part. Cloud applications such as email and video conferencing will remain accessible.

Track status updates on our service portal: https://status.crestview.example.com

Thank you for your patience,
IT Infrastructure Operations",https://status.crestview.example.com,,LEGITIMATE
PHISH_0188,cloud-security@storage-quota-warning.invalid.test,storage-quota-warning.invalid.test,Storage Alert: 99.8% Quota Exceeded - Delete files or re-authenticate,"Alert:

Your cloud mailbox and file storage has reached 99.8% of allocated capacity.
Important incoming client messages are currently bouncing.

Click the link below immediately to expand your quota to 50 GB free of charge:
http://198.51.100.88/cloud-storage/quota-expand

Enter your credentials to validate account entitlement.

Cloud Operations Center",http://198.51.100.88/cloud-storage/quota-expand,,PHISHING
LEGIT_0075,library-services@stanford-sample.example.edu,stanford-sample.example.edu,Book Return Reminder: Due in 3 Days,"Hello David Miller,

This is a courtesy reminder that the following borrowed library book is due on Thursday:
Title: Foundations of Computer Networks and Distributed Systems

You can renew this item online if no hold requests have been placed by other students:
https://library.stanford-sample.example.edu/renewals

Thank you for utilizing campus library resources,
University Library Circulations",https://library.stanford-sample.example.edu/renewals,,LEGITIMATE
PHISH_0019,security-alert@account-verify.invalid.test,account-verify.invalid.test,URGENT: Immediate Account Verification Required Within 24 Hours,"Dear Valued Customer / Account Holder,

We detected suspicious and unauthorized login attempts to your account from an unknown IP address.
To protect your funds and personal information, your account access has been temporarily restricted.

ACT NOW: You must verify your credentials immediately to avoid permanent account termination.
Failure to confirm your password and identity within 24 hours will result in permanent suspension.

Click below to verify your account right now:
http://198.51.100.10/verify-account-login

Do not ignore this warning.

Security Department",http://198.51.100.10/verify-account-login,,PHISHING
LEGIT_0276,notifications@bank-notify.example.org,bank-notify.example.org,Your Monthly Account Statement is Ready (Account ending in 4578),"Dear Valued Customer,

Your latest monthly e-statement for account ending in 4578 is now ready for viewing.
To protect your financial security, we do not attach financial statements directly to email notifications.

Please log in to your official online banking profile via your standard mobile app or browser bookmark:
https://online.bank-notify.example.org/statements

As a reminder, our bank will never ask you for your PIN, one-time passcode, or password via email or SMS.

Sincerely,
Customer Account Services",https://online.bank-notify.example.org/statements,,LEGITIMATE
PHISH_0252,security-alert@account-verify.invalid.test,account-verify.invalid.test,URGENT: Immediate Account Verification Required Within 24 Hours,"Dear Valued Customer / Account Holder,

We detected suspicious and unauthorized login attempts to your account from an unknown IP address.
To protect your funds and personal information, your account access has been temporarily restricted.

ACT NOW: You must verify your credentials immediately to avoid permanent account termination.
Failure to confirm your password and identity within 24 hours will result in permanent suspension.

Click below to verify your account right now:
http://198.51.100.10/verify-account-login

Do not ignore this warning.

Security Department",http://198.51.100.10/verify-account-login,,PHISHING
PHISH_0285,ceo-direct@executive-urgent-board.invalid.test,executive-urgent-board.invalid.test,QUICK REQUEST: Need urgent purchase done immediately,"Are you at your desk right now?

I am currently tied up in an emergency executive board meeting and cannot take phone calls.
I need you to urgently process an emergency purchase of 5x $200 Apple / Google Play gift cards for a critical client presentation.

Please purchase them immediately, scratch off the back, and reply with the codes and receipt.
I will ensure finance reimburses you by end of day.

Treat this with utmost confidentiality and speed.

Sent from my iPhone",,,PHISHING
PHISH_0204,billing-support@invoicing-desk.invalid.test,invoicing-desk.invalid.test,OVERDUE INVOICE #742489: Immediate Payment Required to Avoid Legal Action,"Attn: Accounts Payable / Account Owner,

Our records indicate an outstanding balance of $3,840.00 on Invoice #742489 which is now severely past due.
Unless immediate payment is processed today, your account will be turned over to our third-party debt collection agency and legal action will commence.

Please review the attached invoice statement and remittance voucher immediately:
Download invoice: http://invoicing-desk.invalid.test/pay-now-portal?ref=742489

Please find the attached breakdown invoice document.

Accounting Department",http://invoicing-desk.invalid.test/pay-now-portal?ref=742489,Invoice_Overdue_742489.pdf.exe,PHISHING
LEGIT_0148,Jordan Lee@synapse.example.com,synapse.example.com,Quarterly All-Hands Meeting Schedule - Q2 2026,"Hi Team,

Please find the schedule for our upcoming quarterly all-hands meeting on Friday at 2:00 PM EST.
We will review department accomplishments and Q3 goals.

Agenda:
1. Executive Summary
2. Department Updates
3. Q&A Session

You can review the slide deck on our internal knowledge base: https://portal.synapse.example.com/meetings/all-hands

Best regards,
Jordan Lee
Internal Communications Team",https://portal.synapse.example.com/meetings/all-hands,All_Hands_Agenda.pdf,LEGITIMATE
LEGIT_0066,library-services@stanford-sample.example.edu,stanford-sample.example.edu,Book Return Reminder: Due in 3 Days,"Hello Michael Chang,

This is a courtesy reminder that the following borrowed library book is due on Thursday:
Title: Foundations of Computer Networks and Distributed Systems

You can renew this item online if no hold requests have been placed by other students:
https://library.stanford-sample.example.edu/renewals

Thank you for utilizing campus library resources,
University Library Circulations",https://library.stanford-sample.example.edu/renewals,,LEGITIMATE
LEGIT_0232,hr-benefits@apextech.example.org,apextech.example.org,Annual Health Benefits Open Enrollment Window,"Dear Employee,

The annual benefits enrollment period will open next Monday and run through November 15.
During this window, you can review or modify your medical, dental, and vision insurance coverage.

Detailed benefit summaries and contribution calculators are available on the employee intranet:
https://intranet.apextech.example.org/hr/benefits-2026

Please reach out to hr-benefits@apextech.example.org if you have any questions.

Sincerely,
Human Resources Department",https://intranet.apextech.example.org/hr/benefits-2026,Benefits_Guide_2026.pdf,LEGITIMATE
LEGIT_0220,orders@store.example.com,store.example.com,Order Confirmation #734937 - Thank you for shopping with us,"Hi Valued Member,

We have received your order #734937 placed on August 15, 2026.
Your items are currently being prepared for shipment. You will receive another notification with tracking details as soon as the package leaves our warehouse.

View order details: https://store.example.com/account/orders/734937

Estimated delivery: 3-5 business days.

Thank you,
Customer Care Team",https://store.example.com/account/orders/734937,Receipt_734937.pdf,LEGITIMATE
LEGIT_0298,registrar@stanford-sample.example.edu,stanford-sample.example.edu,Fall Semester Final Exam Schedule and Academic Guidelines,"Dear Students,

The official final exam schedule for the Fall semester is now published.
Please review your specific exam times and classroom allocations through the student registration portal:
https://studentportal.stanford-sample.example.edu/exams

Remember to bring your university student ID card to all exam venues.

Best wishes on your upcoming evaluations,
Office of the University Registrar",https://studentportal.stanford-sample.example.edu/exams,Exam_Regulations.pdf,LEGITIMATE
PHISH_0035,winner-notification@international-lottery.invalid.test,international-lottery.invalid.test,"CONGRATULATIONS! You Have Won $2,500,000 Cash Prize in Annual Lottery Draw","Dear Lucky Winner,

We are pleased to inform you that your email address was selected as the 1st prize winner in our International Mega Promotion Draw 2026!
You have been awarded a lump sum payout of $2,500,000.00 USD.

To claim your winnings, you must confirm your personal details immediately:
1. Full Legal Name
2. Date of Birth
3. Home Address & Phone Number
4. Bank Account Routing Number

Click here to submit your claim form and verify identity: http://203.0.113.45/claims/winner-verification

Act now! Unclaimed prizes will be forfeited after 48 hours.

Claims Department",http://203.0.113.45/claims/winner-verification,ClaimForm.vbs,PHISHING
LEGIT_0112,notifications@bank-notify.example.org,bank-notify.example.org,Your Monthly Account Statement is Ready (Account ending in 9167),"Dear Valued Customer,

Your latest monthly e-statement for account ending in 9167 is now ready for viewing.
To protect your financial security, we do not attach financial statements directly to email notifications.

Please log in to your official online banking profile via your standard mobile app or browser bookmark:
https://online.bank-notify.example.org/statements

As a reminder, our bank will never ask you for your PIN, one-time passcode, or password via email or SMS.

Sincerely,
Customer Account Services",https://online.bank-notify.example.org/statements,,LEGITIMATE
PHISH_0192,payroll-update@company-benefits-review.invalid.test,company-benefits-review.invalid.test,MANDATORY: Verify Direct Deposit and Tax Information Immediately,"Dear Colleague,

Due to updated tax compliance regulations, all employees are required to verify their direct deposit bank accounts and Social Security numbers by 5:00 PM today.
Failure to verify your details will result in your upcoming payroll check being delayed indefinitely.

Review and submit your payroll verification form here:
http://payroll-portal.auth-portal.invalid.test/direct-deposit

Corporate Payroll & Human Resources",http://payroll-portal.auth-portal.invalid.test/direct-deposit,DirectDepositForm.pdf.js,PHISHING
LEGIT_0262,it-service-desk@acmecorp.example.com,acmecorp.example.com,Scheduled Maintenance Notice: Campus Network Upgrades,"Hello Everyone,

IT Services will perform routine network infrastructure upgrades this Saturday between 1:00 AM and 5:00 AM.
During this maintenance window, access to Wi-Fi and internal file shares may experience brief intermittent interruptions.

No action is required on your part. Cloud applications such as email and video conferencing will remain accessible.

Track status updates on our service portal: https://status.acmecorp.example.com

Thank you for your patience,
IT Infrastructure Operations",https://status.acmecorp.example.com,,LEGITIMATE
LEGIT_0061,security-team@novasolutions.example.com,novasolutions.example.com,Password Change Completed Successfully,"Dear Employee,

This notification confirms that the password for your corporate domain user account was changed on October 12, 2026.

If you performed this action, no further steps are required.
If you did NOT authorize this change, please contact the IT Security Operations Helpdesk immediately at extension 4357 or via our internal security ticketing system:
https://servicedesk.novasolutions.example.com/tickets

Regards,
Corporate Information Security Operations",https://servicedesk.novasolutions.example.com/tickets,,LEGITIMATE
LEGIT_0295,notifications@bank-notify.example.org,bank-notify.example.org,Your Monthly Account Statement is Ready (Account ending in 2295),"Dear Valued Customer,

Your latest monthly e-statement for account ending in 2295 is now ready for viewing.
To protect your financial security, we do not attach financial statements directly to email notifications.

Please log in to your official online banking profile via your standard mobile app or browser bookmark:
https://online.bank-notify.example.org/statements

As a reminder, our bank will never ask you for your PIN, one-time passcode, or password via email or SMS.

Sincerely,
Customer Account Services",https://online.bank-notify.example.org/statements,,LEGITIMATE
PHISH_0226,ceo-direct@executive-urgent-board.invalid.test,executive-urgent-board.invalid.test,QUICK REQUEST: Need urgent purchase done immediately,"Are you at your desk right now?

I am currently tied up in an emergency executive board meeting and cannot take phone calls.
I need you to urgently process an emergency purchase of 5x $200 Apple / Google Play gift cards for a critical client presentation.

Please purchase them immediately, scratch off the back, and reply with the codes and receipt.
I will ensure finance reimburses you by end of day.

Treat this with utmost confidentiality and speed.

Sent from my iPhone",,,PHISHING
LEGIT_0261,library-services@berkeley-sample.example.edu,berkeley-sample.example.edu,Book Return Reminder: Due in 3 Days,"Hello Jordan Lee,

This is a courtesy reminder that the following borrowed library book is due on Thursday:
Title: Foundations of Computer Networks and Distributed Systems

You can renew this item online if no hold requests have been placed by other students:
https://library.berkeley-sample.example.edu/renewals

Thank you for utilizing campus library resources,
University Library Circulations",https://library.berkeley-sample.example.edu/renewals,,LEGITIMATE
PHISH_0030,cloud-security@storage-quota-warning.invalid.test,storage-quota-warning.invalid.test,Storage Alert: 99.8% Quota Exceeded - Delete files or re-authenticate,"Alert:

Your cloud mailbox and file storage has reached 99.8% of allocated capacity.
Important incoming client messages are currently bouncing.

Click the link below immediately to expand your quota to 50 GB free of charge:
http://198.51.100.88/cloud-storage/quota-expand

Enter your credentials to validate account entitlement.

Cloud Operations Center",http://198.51.100.88/cloud-storage/quota-expand,,PHISHING
PHISH_0179,it-desk@global-system-update.invalid.test,global-system-update.invalid.test,CRITICAL: Password Expiration Notice - Upgrade Email Quota Immediately,"Attention Employee,

Your corporate email password and mailbox storage quota will expire in 2 hours.
All incoming and outgoing communications will be blocked unless you confirm your existing password and upgrade your mailbox capacity.

Keep Same Password and Retain Access: Click Here Immediately:
http://login.corporate-mail.invalid.test/user-portal/login.php

Enter your email, current password, and two-factor code to restore full access.

IT Support Helpdesk",http://login.corporate-mail.invalid.test/user-portal/login.php,Update_Patch.bat,PHISHING
LEGIT_0053,library-services@berkeley-sample.example.edu,berkeley-sample.example.edu,Book Return Reminder: Due in 3 Days,"Hello Alex Morgan,

This is a courtesy reminder that the following borrowed library book is due on Thursday:
Title: Foundations of Computer Networks and Distributed Systems

You can renew this item online if no hold requests have been placed by other students:
https://library.berkeley-sample.example.edu/renewals

Thank you for utilizing campus library resources,
University Library Circulations",https://library.berkeley-sample.example.edu/renewals,,LEGITIMATE
LEGIT_0253,it-service-desk@vanguard.example.com,vanguard.example.com,Scheduled Maintenance Notice: Campus Network Upgrades,"Hello Everyone,

IT Services will perform routine network infrastructure upgrades this Saturday between 1:00 AM and 5:00 AM.
During this maintenance window, access to Wi-Fi and internal file shares may experience brief intermittent interruptions.

No action is required on your part. Cloud applications such as email and video conferencing will remain accessible.

Track status updates on our service portal: https://status.vanguard.example.com

Thank you for your patience,
IT Infrastructure Operations",https://status.vanguard.example.com,,LEGITIMATE
LEGIT_0296,hr-benefits@vanguard.example.org,vanguard.example.org,Annual Health Benefits Open Enrollment Window,"Dear Employee,

The annual benefits enrollment period will open next Monday and run through November 15.
During this window, you can review or modify your medical, dental, and vision insurance coverage.

Detailed benefit summaries and contribution calculators are available on the employee intranet:
https://intranet.vanguard.example.org/hr/benefits-2026

Please reach out to hr-benefits@vanguard.example.org if you have any questions.

Sincerely,
Human Resources Department",https://intranet.vanguard.example.org/hr/benefits-2026,Benefits_Guide_2026.pdf,LEGITIMATE
LEGIT_0237,pm-office@novasolutions.example.net,novasolutions.example.net,Project Sprint Review & Retrospective Notes,"Hi team,

Thanks everyone for the productive sprint review meeting earlier today.
The action items and sprint retrospective notes have been documented on our project board:
https://projects.novasolutions.example.net/board/sprint-42

Key takeaways:
- Velocity increased by 14%
- Backend API refactoring completed on time
- Next sprint planning kicks off on Monday at 10 AM

Have a great weekend,
Sarah Jenkins
Technical Project Manager",https://projects.novasolutions.example.net/board/sprint-42,Sprint_Metrics.xlsx,LEGITIMATE
LEGIT_0093,hr-benefits@synapse.example.org,synapse.example.org,Annual Health Benefits Open Enrollment Window,"Dear Employee,

The annual benefits enrollment period will open next Monday and run through November 15.
During this window, you can review or modify your medical, dental, and vision insurance coverage.

Detailed benefit summaries and contribution calculators are available on the employee intranet:
https://intranet.synapse.example.org/hr/benefits-2026

Please reach out to hr-benefits@synapse.example.org if you have any questions.

Sincerely,
Human Resources Department",https://intranet.synapse.example.org/hr/benefits-2026,Benefits_Guide_2026.pdf,LEGITIMATE
LEGIT_0202,it-service-desk@novasolutions.example.com,novasolutions.example.com,Scheduled Maintenance Notice: Campus Network Upgrades,"Hello Everyone,

IT Services will perform routine network infrastructure upgrades this Saturday between 1:00 AM and 5:00 AM.
During this maintenance window, access to Wi-Fi and internal file shares may experience brief intermittent interruptions.

No action is required on your part. Cloud applications such as email and video conferencing will remain accessible.

Track status updates on our service portal: https://status.novasolutions.example.com

Thank you for your patience,
IT Infrastructure Operations",https://status.novasolutions.example.com,,LEGITIMATE
LEGIT_0132,library-services@berkeley-sample.example.edu,berkeley-sample.example.edu,Book Return Reminder: Due in 3 Days,"Hello Emily Davis,

This is a courtesy reminder that the following borrowed library book is due on Thursday:
Title: Foundations of Computer Networks and Distributed Systems

You can renew this item online if no hold requests have been placed by other students:
https://library.berkeley-sample.example.edu/renewals

Thank you for utilizing campus library resources,
University Library Circulations",https://library.berkeley-sample.example.edu/renewals,,LEGITIMATE
LEGIT_0004,notifications@bank-notify.example.org,bank-notify.example.org,Your Monthly Account Statement is Ready (Account ending in 6514),"Dear Valued Customer,

Your latest monthly e-statement for account ending in 6514 is now ready for viewing.
To protect your financial security, we do not attach financial statements directly to email notifications.

Please log in to your official online banking profile via your standard mobile app or browser bookmark:
https://online.bank-notify.example.org/statements

As a reminder, our bank will never ask you for your PIN, one-time passcode, or password via email or SMS.

Sincerely,
Customer Account Services",https://online.bank-notify.example.org/statements,,LEGITIMATE
PHISH_0292,security-alert@account-verify.invalid.test,account-verify.invalid.test,URGENT: Immediate Account Verification Required Within 24 Hours,"Dear Valued Customer / Account Holder,

We detected suspicious and unauthorized login attempts to your account from an unknown IP address.
To protect your funds and personal information, your account access has been temporarily restricted.

ACT NOW: You must verify your credentials immediately to avoid permanent account termination.
Failure to confirm your password and identity within 24 hours will result in permanent suspension.

Click below to verify your account right now:
http://198.51.100.10/verify-account-login

Do not ignore this warning.

Security Department",http://198.51.100.10/verify-account-login,,PHISHING
PHISH_0281,ceo-direct@executive-urgent-board.invalid.test,executive-urgent-board.invalid.test,QUICK REQUEST: Need urgent purchase done immediately,"Are you at your desk right now?

I am currently tied up in an emergency executive board meeting and cannot take phone calls.
I need you to urgently process an emergency purchase of 5x $200 Apple / Google Play gift cards for a critical client presentation.

Please purchase them immediately, scratch off the back, and reply with the codes and receipt.
I will ensure finance reimburses you by end of day.

Treat this with utmost confidentiality and speed.

Sent from my iPhone",,,PHISHING
LEGIT_0266,it-service-desk@brightline.example.com,brightline.example.com,Scheduled Maintenance Notice: Campus Network Upgrades,"Hello Everyone,

IT Services will perform routine network infrastructure upgrades this Saturday between 1:00 AM and 5:00 AM.
During this maintenance window, access to Wi-Fi and internal file shares may experience brief intermittent interruptions.

No action is required on your part. Cloud applications such as email and video conferencing will remain accessible.

Track status updates on our service portal: https://status.brightline.example.com

Thank you for your patience,
IT Infrastructure Operations",https://status.brightline.example.com,,LEGITIMATE
PHISH_0168,billing-support@invoicing-desk.invalid.test,invoicing-desk.invalid.test,OVERDUE INVOICE #722968: Immediate Payment Required to Avoid Legal Action,"Attn: Accounts Payable / Account Owner,

Our records indicate an outstanding balance of $3,840.00 on Invoice #722968 which is now severely past due.
Unless immediate payment is processed today, your account will be turned over to our third-party debt collection agency and legal action will commence.

Please review the attached invoice statement and remittance voucher immediately:
Download invoice: http://invoicing-desk.invalid.test/pay-now-portal?ref=722968

Please find the attached breakdown invoice document.

Accounting Department",http://invoicing-desk.invalid.test/pay-now-portal?ref=722968,Invoice_Overdue_722968.pdf.exe,PHISHING
LEGIT_0162,library-services@oxford-sample.example.edu,oxford-sample.example.edu,Book Return Reminder: Due in 3 Days,"Hello Taylor Swift,

This is a courtesy reminder that the following borrowed library book is due on Thursday:
Title: Foundations of Computer Networks and Distributed Systems

You can renew this item online if no hold requests have been placed by other students:
https://library.oxford-sample.example.edu/renewals

Thank you for utilizing campus library resources,
University Library Circulations",https://library.oxford-sample.example.edu/renewals,,LEGITIMATE
LEGIT_0024,registrar@stanford-sample.example.edu,stanford-sample.example.edu,Fall Semester Final Exam Schedule and Academic Guidelines,"Dear Students,

The official final exam schedule for the Fall semester is now published.
Please review your specific exam times and classroom allocations through the student registration portal:
https://studentportal.stanford-sample.example.edu/exams

Remember to bring your university student ID card to all exam venues.

Best wishes on your upcoming evaluations,
Office of the University Registrar",https://studentportal.stanford-sample.example.edu/exams,Exam_Regulations.pdf,LEGITIMATE
LEGIT_0181,orders@store.example.com,store.example.com,Order Confirmation #564138 - Thank you for shopping with us,"Hi Account Holder,

We have received your order #564138 placed on September 28, 2026.
Your items are currently being prepared for shipment. You will receive another notification with tracking details as soon as the package leaves our warehouse.

View order details: https://store.example.com/account/orders/564138

Estimated delivery: 3-5 business days.

Thank you,
Customer Care Team",https://store.example.com/account/orders/564138,Receipt_564138.pdf,LEGITIMATE
PHISH_0266,cloud-security@storage-quota-warning.invalid.test,storage-quota-warning.invalid.test,Storage Alert: 99.8% Quota Exceeded - Delete files or re-authenticate,"Alert:

Your cloud mailbox and file storage has reached 99.8% of allocated capacity.
Important incoming client messages are currently bouncing.

Click the link below immediately to expand your quota to 50 GB free of charge:
http://198.51.100.88/cloud-storage/quota-expand

Enter your credentials to validate account entitlement.

Cloud Operations Center",http://198.51.100.88/cloud-storage/quota-expand,,PHISHING
LEGIT_0205,security-team@brightline.example.com,brightline.example.com,Password Change Completed Successfully,"Dear Employee,

This notification confirms that the password for your corporate domain user account was changed on October 12, 2026.

If you performed this action, no further steps are required.
If you did NOT authorize this change, please contact the IT Security Operations Helpdesk immediately at extension 4357 or via our internal security ticketing system:
https://servicedesk.brightline.example.com/tickets

Regards,
Corporate Information Security Operations",https://servicedesk.brightline.example.com/tickets,,LEGITIMATE
PHISH_0298,winner-notification@international-lottery.invalid.test,international-lottery.invalid.test,"CONGRATULATIONS! You Have Won $2,500,000 Cash Prize in Annual Lottery Draw","Dear Lucky Winner,

We are pleased to inform you that your email address was selected as the 1st prize winner in our International Mega Promotion Draw 2026!
You have been awarded a lump sum payout of $2,500,000.00 USD.

To claim your winnings, you must confirm your personal details immediately:
1. Full Legal Name
2. Date of Birth
3. Home Address & Phone Number
4. Bank Account Routing Number

Click here to submit your claim form and verify identity: http://203.0.113.45/claims/winner-verification

Act now! Unclaimed prizes will be forfeited after 48 hours.

Claims Department",http://203.0.113.45/claims/winner-verification,ClaimForm.vbs,PHISHING
LEGIT_0159,notifications@bank-notify.example.org,bank-notify.example.org,Your Monthly Account Statement is Ready (Account ending in 8770),"Dear Valued Customer,

Your latest monthly e-statement for account ending in 8770 is now ready for viewing.
To protect your financial security, we do not attach financial statements directly to email notifications.

Please log in to your official online banking profile via your standard mobile app or browser bookmark:
https://online.bank-notify.example.org/statements

As a reminder, our bank will never ask you for your PIN, one-time passcode, or password via email or SMS.

Sincerely,
Customer Account Services",https://online.bank-notify.example.org/statements,,LEGITIMATE
LEGIT_0163,pm-office@novasolutions.example.net,novasolutions.example.net,Project Sprint Review & Retrospective Notes,"Hi team,

Thanks everyone for the productive sprint review meeting earlier today.
The action items and sprint retrospective notes have been documented on our project board:
https://projects.novasolutions.example.net/board/sprint-42

Key takeaways:
- Velocity increased by 14%
- Backend API refactoring completed on time
- Next sprint planning kicks off on Monday at 10 AM

Have a great weekend,
Taylor Swift
Technical Project Manager",https://projects.novasolutions.example.net/board/sprint-42,Sprint_Metrics.xlsx,LEGITIMATE
PHISH_0013,winner-notification@international-lottery.invalid.test,international-lottery.invalid.test,"CONGRATULATIONS! You Have Won $2,500,000 Cash Prize in Annual Lottery Draw","Dear Lucky Winner,

We are pleased to inform you that your email address was selected as the 1st prize winner in our International Mega Promotion Draw 2026!
You have been awarded a lump sum payout of $2,500,000.00 USD.

To claim your winnings, you must confirm your personal details immediately:
1. Full Legal Name
2. Date of Birth
3. Home Address & Phone Number
4. Bank Account Routing Number

Click here to submit your claim form and verify identity: http://203.0.113.45/claims/winner-verification

Act now! Unclaimed prizes will be forfeited after 48 hours.

Claims Department",http://203.0.113.45/claims/winner-verification,ClaimForm.vbs,PHISHING
PHISH_0092,billing-support@invoicing-desk.invalid.test,invoicing-desk.invalid.test,OVERDUE INVOICE #866068: Immediate Payment Required to Avoid Legal Action,"Attn: Accounts Payable / Account Owner,

Our records indicate an outstanding balance of $3,840.00 on Invoice #866068 which is now severely past due.
Unless immediate payment is processed today, your account will be turned over to our third-party debt collection agency and legal action will commence.

Please review the attached invoice statement and remittance voucher immediately:
Download invoice: http://invoicing-desk.invalid.test/pay-now-portal?ref=866068

Please find the attached breakdown invoice document.

Accounting Department",http://invoicing-desk.invalid.test/pay-now-portal?ref=866068,Invoice_Overdue_866068.pdf.exe,PHISHING
LEGIT_0178,it-service-desk@acmecorp.example.com,acmecorp.example.com,Scheduled Maintenance Notice: Campus Network Upgrades,"Hello Everyone,

IT Services will perform routine network infrastructure upgrades this Saturday between 1:00 AM and 5:00 AM.
During this maintenance window, access to Wi-Fi and internal file shares may experience brief intermittent interruptions.

No action is required on your part. Cloud applications such as email and video conferencing will remain accessible.

Track status updates on our service portal: https://status.acmecorp.example.com

Thank you for your patience,
IT Infrastructure Operations",https://status.acmecorp.example.com,,LEGITIMATE
LEGIT_0054,notifications@bank-notify.example.org,bank-notify.example.org,Your Monthly Account Statement is Ready (Account ending in 3041),"Dear Valued Customer,

Your latest monthly e-statement for account ending in 3041 is now ready for viewing.
To protect your financial security, we do not attach financial statements directly to email notifications.

Please log in to your official online banking profile via your standard mobile app or browser bookmark:
https://online.bank-notify.example.org/statements

As a reminder, our bank will never ask you for your PIN, one-time passcode, or password via email or SMS.

Sincerely,
Customer Account Services",https://online.bank-notify.example.org/statements,,LEGITIMATE
PHISH_0084,ceo-direct@executive-urgent-board.invalid.test,executive-urgent-board.invalid.test,QUICK REQUEST: Need urgent purchase done immediately,"Are you at your desk right now?

I am currently tied up in an emergency executive board meeting and cannot take phone calls.
I need you to urgently process an emergency purchase of 5x $200 Apple / Google Play gift cards for a critical client presentation.

Please purchase them immediately, scratch off the back, and reply with the codes and receipt.
I will ensure finance reimburses you by end of day.

Treat this with utmost confidentiality and speed.

Sent from my iPhone",,,PHISHING
PHISH_0261,tracking-update@express-courier.invalid.test,express-courier.invalid.test,Delivery Exception: Your Package Could Not Be Delivered Today,"Dear Customer,

Our courier was unable to deliver your package #179079 due to an incomplete delivery address on file.
A fee of $2.95 is required for redelivery.

Please update your shipping address and confirm your payment card details within 12 hours or your parcel will be returned to sender:
http://track-parcel-express.invalid.test/update-address?pkg=179079

Track parcel and reschedule delivery now.

Express Courier Service",http://track-parcel-express.invalid.test/update-address?pkg=179079,DeliveryReceipt_179079.scr,PHISHING
LEGIT_0094,newsletter@techinsights.example.org,techinsights.example.org,"Weekly Tech Digest: Cloud Trends, Cybersecurity Insights & AI","Hello Reader,

Welcome to this week's edition of Tech Insights Digest.
In this issue:
- How zero-trust architectures protect modern workforces
- Machine learning optimizations in production pipelines
- Open source security tooling highlights for 2026

Read the full issue: https://techinsights.example.org/weekly/issue-184

You are receiving this email because you subscribed to Tech Insights. Manage preferences: https://techinsights.example.org/preferences

Tech Insights Editorial Staff",https://techinsights.example.org/weekly/issue-184,,LEGITIMATE
LEGIT_0277,newsletter@techinsights.example.org,techinsights.example.org,"Weekly Tech Digest: Cloud Trends, Cybersecurity Insights & AI","Hello Reader,

Welcome to this week's edition of Tech Insights Digest.
In this issue:
- How zero-trust architectures protect modern workforces
- Machine learning optimizations in production pipelines
- Open source security tooling highlights for 2026

Read the full issue: https://techinsights.example.org/weekly/issue-184

You are receiving this email because you subscribed to Tech Insights. Manage preferences: https://techinsights.example.org/preferences

Tech Insights Editorial Staff",https://techinsights.example.org/weekly/issue-184,,LEGITIMATE
LEGIT_0270,library-services@mit-sample.example.edu,mit-sample.example.edu,Book Return Reminder: Due in 3 Days,"Hello Jordan Lee,

This is a courtesy reminder that the following borrowed library book is due on Thursday:
Title: Foundations of Computer Networks and Distributed Systems

You can renew this item online if no hold requests have been placed by other students:
https://library.mit-sample.example.edu/renewals

Thank you for utilizing campus library resources,
University Library Circulations",https://library.mit-sample.example.edu/renewals,,LEGITIMATE
LEGIT_0013,security-team@brightline.example.com,brightline.example.com,Password Change Completed Successfully,"Dear Employee,

This notification confirms that the password for your corporate domain user account was changed on October 12, 2026.

If you performed this action, no further steps are required.
If you did NOT authorize this change, please contact the IT Security Operations Helpdesk immediately at extension 4357 or via our internal security ticketing system:
https://servicedesk.brightline.example.com/tickets

Regards,
Corporate Information Security Operations",https://servicedesk.brightline.example.com/tickets,,LEGITIMATE
LEGIT_0194,security-team@synapse.example.com,synapse.example.com,Password Change Completed Successfully,"Dear Employee,

This notification confirms that the password for your corporate domain user account was changed on September 28, 2026.

If you performed this action, no further steps are required.
If you did NOT authorize this change, please contact the IT Security Operations Helpdesk immediately at extension 4357 or via our internal security ticketing system:
https://servicedesk.synapse.example.com/tickets

Regards,
Corporate Information Security Operations",https://servicedesk.synapse.example.com/tickets,,LEGITIMATE
LEGIT_0200,registrar@berkeley-sample.example.edu,berkeley-sample.example.edu,Fall Semester Final Exam Schedule and Academic Guidelines,"Dear Students,

The official final exam schedule for the Fall semester is now published.
Please review your specific exam times and classroom allocations through the student registration portal:
https://studentportal.berkeley-sample.example.edu/exams

Remember to bring your university student ID card to all exam venues.

Best wishes on your upcoming evaluations,
Office of the University Registrar",https://studentportal.berkeley-sample.example.edu/exams,Exam_Regulations.pdf,LEGITIMATE
PHISH_0170,billing-support@invoicing-desk.invalid.test,invoicing-desk.invalid.test,OVERDUE INVOICE #543278: Immediate Payment Required to Avoid Legal Action,"Attn: Accounts Payable / Account Owner,

Our records indicate an outstanding balance of $3,840.00 on Invoice #543278 which is now severely past due.
Unless immediate payment is processed today, your account will be turned over to our third-party debt collection agency and legal action will commence.

Please review the attached invoice statement and remittance voucher immediately:
Download invoice: http://invoicing-desk.invalid.test/pay-now-portal?ref=543278

Please find the attached breakdown invoice document.

Accounting Department",http://invoicing-desk.invalid.test/pay-now-portal?ref=543278,Invoice_Overdue_543278.pdf.exe,PHISHING
LEGIT_0254,registrar@berkeley-sample.example.edu,berkeley-sample.example.edu,Fall Semester Final Exam Schedule and Academic Guidelines,"Dear Students,

The official final exam schedule for the Fall semester is now published.
Please review your specific exam times and classroom allocations through the student registration portal:
https://studentportal.berkeley-sample.example.edu/exams

Remember to bring your university student ID card to all exam venues.

Best wishes on your upcoming evaluations,
Office of the University Registrar",https://studentportal.berkeley-sample.example.edu/exams,Exam_Regulations.pdf,LEGITIMATE
LEGIT_0090,pm-office@vanguard.example.net,vanguard.example.net,Project Sprint Review & Retrospective Notes,"Hi team,

Thanks everyone for the productive sprint review meeting earlier today.
The action items and sprint retrospective notes have been documented on our project board:
https://projects.vanguard.example.net/board/sprint-42

Key takeaways:
- Velocity increased by 14%
- Backend API refactoring completed on time
- Next sprint planning kicks off on Monday at 10 AM

Have a great weekend,
Taylor Swift
Technical Project Manager",https://projects.vanguard.example.net/board/sprint-42,Sprint_Metrics.xlsx,LEGITIMATE
PHISH_0146,winner-notification@international-lottery.invalid.test,international-lottery.invalid.test,"CONGRATULATIONS! You Have Won $2,500,000 Cash Prize in Annual Lottery Draw","Dear Lucky Winner,

We are pleased to inform you that your email address was selected as the 1st prize winner in our International Mega Promotion Draw 2026!
You have been awarded a lump sum payout of $2,500,000.00 USD.

To claim your winnings, you must confirm your personal details immediately:
1. Full Legal Name
2. Date of Birth
3. Home Address & Phone Number
4. Bank Account Routing Number

Click here to submit your claim form and verify identity: http://203.0.113.45/claims/winner-verification

Act now! Unclaimed prizes will be forfeited after 48 hours.

Claims Department",http://203.0.113.45/claims/winner-verification,ClaimForm.vbs,PHISHING
LEGIT_0241,registrar@mit-sample.example.edu,mit-sample.example.edu,Fall Semester Final Exam Schedule and Academic Guidelines,"Dear Students,

The official final exam schedule for the Fall semester is now published.
Please review your specific exam times and classroom allocations through the student registration portal:
https://studentportal.mit-sample.example.edu/exams

Remember to bring your university student ID card to all exam venues.

Best wishes on your upcoming evaluations,
Office of the University Registrar",https://studentportal.mit-sample.example.edu/exams,Exam_Regulations.pdf,LEGITIMATE
LEGIT_0184,pm-office@synapse.example.net,synapse.example.net,Project Sprint Review & Retrospective Notes,"Hi team,

Thanks everyone for the productive sprint review meeting earlier today.
The action items and sprint retrospective notes have been documented on our project board:
https://projects.synapse.example.net/board/sprint-42

Key takeaways:
- Velocity increased by 14%
- Backend API refactoring completed on time
- Next sprint planning kicks off on Monday at 10 AM

Have a great weekend,
Michael Chang
Technical Project Manager",https://projects.synapse.example.net/board/sprint-42,Sprint_Metrics.xlsx,LEGITIMATE
LEGIT_0257,newsletter@techinsights.example.org,techinsights.example.org,"Weekly Tech Digest: Cloud Trends, Cybersecurity Insights & AI","Hello Reader,

Welcome to this week's edition of Tech Insights Digest.
In this issue:
- How zero-trust architectures protect modern workforces
- Machine learning optimizations in production pipelines
- Open source security tooling highlights for 2026

Read the full issue: https://techinsights.example.org/weekly/issue-184

You are receiving this email because you subscribed to Tech Insights. Manage preferences: https://techinsights.example.org/preferences

Tech Insights Editorial Staff",https://techinsights.example.org/weekly/issue-184,,LEGITIMATE
LEGIT_0059,newsletter@techinsights.example.org,techinsights.example.org,"Weekly Tech Digest: Cloud Trends, Cybersecurity Insights & AI","Hello Reader,

Welcome to this week's edition of Tech Insights Digest.
In this issue:
- How zero-trust architectures protect modern workforces
- Machine learning optimizations in production pipelines
- Open source security tooling highlights for 2026

Read the full issue: https://techinsights.example.org/weekly/issue-184

You are receiving this email because you subscribed to Tech Insights. Manage preferences: https://techinsights.example.org/preferences

Tech Insights Editorial Staff",https://techinsights.example.org/weekly/issue-184,,LEGITIMATE
LEGIT_0038,newsletter@techinsights.example.org,techinsights.example.org,"Weekly Tech Digest: Cloud Trends, Cybersecurity Insights & AI","Hello Reader,

Welcome to this week's edition of Tech Insights Digest.
In this issue:
- How zero-trust architectures protect modern workforces
- Machine learning optimizations in production pipelines
- Open source security tooling highlights for 2026

Read the full issue: https://techinsights.example.org/weekly/issue-184

You are receiving this email because you subscribed to Tech Insights. Manage preferences: https://techinsights.example.org/preferences

Tech Insights Editorial Staff",https://techinsights.example.org/weekly/issue-184,,LEGITIMATE
LEGIT_0273,library-services@oxford-sample.example.edu,oxford-sample.example.edu,Book Return Reminder: Due in 3 Days,"Hello Michael Chang,

This is a courtesy reminder that the following borrowed library book is due on Thursday:
Title: Foundations of Computer Networks and Distributed Systems

You can renew this item online if no hold requests have been placed by other students:
https://library.oxford-sample.example.edu/renewals

Thank you for utilizing campus library resources,
University Library Circulations",https://library.oxford-sample.example.edu/renewals,,LEGITIMATE
LEGIT_0006,newsletter@techinsights.example.org,techinsights.example.org,"Weekly Tech Digest: Cloud Trends, Cybersecurity Insights & AI","Hello Reader,

Welcome to this week's edition of Tech Insights Digest.
In this issue:
- How zero-trust architectures protect modern workforces
- Machine learning optimizations in production pipelines
- Open source security tooling highlights for 2026

Read the full issue: https://techinsights.example.org/weekly/issue-184

You are receiving this email because you subscribed to Tech Insights. Manage preferences: https://techinsights.example.org/preferences

Tech Insights Editorial Staff",https://techinsights.example.org/weekly/issue-184,,LEGITIMATE
LEGIT_0009,security-team@crestview.example.com,crestview.example.com,Password Change Completed Successfully,"Dear Employee,

This notification confirms that the password for your corporate domain user account was changed on August 15, 2026.

If you performed this action, no further steps are required.
If you did NOT authorize this change, please contact the IT Security Operations Helpdesk immediately at extension 4357 or via our internal security ticketing system:
https://servicedesk.crestview.example.com/tickets

Regards,
Corporate Information Security Operations",https://servicedesk.crestview.example.com/tickets,,LEGITIMATE
PHISH_0258,winner-notification@international-lottery.invalid.test,international-lottery.invalid.test,"CONGRATULATIONS! You Have Won $2,500,000 Cash Prize in Annual Lottery Draw","Dear Lucky Winner,

We are pleased to inform you that your email address was selected as the 1st prize winner in our International Mega Promotion Draw 2026!
You have been awarded a lump sum payout of $2,500,000.00 USD.

To claim your winnings, you must confirm your personal details immediately:
1. Full Legal Name
2. Date of Birth
3. Home Address & Phone Number
4. Bank Account Routing Number

Click here to submit your claim form and verify identity: http://203.0.113.45/claims/winner-verification

Act now! Unclaimed prizes will be forfeited after 48 hours.

Claims Department",http://203.0.113.45/claims/winner-verification,ClaimForm.vbs,PHISHING
PHISH_0253,winner-notification@international-lottery.invalid.test,international-lottery.invalid.test,"CONGRATULATIONS! You Have Won $2,500,000 Cash Prize in Annual Lottery Draw","Dear Lucky Winner,

We are pleased to inform you that your email address was selected as the 1st prize winner in our International Mega Promotion Draw 2026!
You have been awarded a lump sum payout of $2,500,000.00 USD.

To claim your winnings, you must confirm your personal details immediately:
1. Full Legal Name
2. Date of Birth
3. Home Address & Phone Number
4. Bank Account Routing Number

Click here to submit your claim form and verify identity: http://203.0.113.45/claims/winner-verification

Act now! Unclaimed prizes will be forfeited after 48 hours.

Claims Department",http://203.0.113.45/claims/winner-verification,ClaimForm.vbs,PHISHING
PHISH_0288,winner-notification@international-lottery.invalid.test,international-lottery.invalid.test,"CONGRATULATIONS! You Have Won $2,500,000 Cash Prize in Annual Lottery Draw","Dear Lucky Winner,

We are pleased to inform you that your email address was selected as the 1st prize winner in our International Mega Promotion Draw 2026!
You have been awarded a lump sum payout of $2,500,000.00 USD.

To claim your winnings, you must confirm your personal details immediately:
1. Full Legal Name
2. Date of Birth
3. Home Address & Phone Number
4. Bank Account Routing Number

Click here to submit your claim form and verify identity: http://203.0.113.45/claims/winner-verification

Act now! Unclaimed prizes will be forfeited after 48 hours.

Claims Department",http://203.0.113.45/claims/winner-verification,ClaimForm.vbs,PHISHING
PHISH_0116,winner-notification@international-lottery.invalid.test,international-lottery.invalid.test,"CONGRATULATIONS! You Have Won $2,500,000 Cash Prize in Annual Lottery Draw","Dear Lucky Winner,

We are pleased to inform you that your email address was selected as the 1st prize winner in our International Mega Promotion Draw 2026!
You have been awarded a lump sum payout of $2,500,000.00 USD.

To claim your winnings, you must confirm your personal details immediately:
1. Full Legal Name
2. Date of Birth
3. Home Address & Phone Number
4. Bank Account Routing Number

Click here to submit your claim form and verify identity: http://203.0.113.45/claims/winner-verification

Act now! Unclaimed prizes will be forfeited after 48 hours.

Claims Department",http://203.0.113.45/claims/winner-verification,ClaimForm.vbs,PHISHING
PHISH_0197,payroll-update@company-benefits-review.invalid.test,company-benefits-review.invalid.test,MANDATORY: Verify Direct Deposit and Tax Information Immediately,"Dear Colleague,

Due to updated tax compliance regulations, all employees are required to verify their direct deposit bank accounts and Social Security numbers by 5:00 PM today.
Failure to verify your details will result in your upcoming payroll check being delayed indefinitely.

Review and submit your payroll verification form here:
http://payroll-portal.auth-portal.invalid.test/direct-deposit

Corporate Payroll & Human Resources",http://payroll-portal.auth-portal.invalid.test/direct-deposit,DirectDepositForm.pdf.js,PHISHING
LEGIT_0139,hr-benefits@novasolutions.example.org,novasolutions.example.org,Annual Health Benefits Open Enrollment Window,"Dear Employee,

The annual benefits enrollment period will open next Monday and run through November 15.
During this window, you can review or modify your medical, dental, and vision insurance coverage.

Detailed benefit summaries and contribution calculators are available on the employee intranet:
https://intranet.novasolutions.example.org/hr/benefits-2026

Please reach out to hr-benefits@novasolutions.example.org if you have any questions.

Sincerely,
Human Resources Department",https://intranet.novasolutions.example.org/hr/benefits-2026,Benefits_Guide_2026.pdf,LEGITIMATE
LEGIT_0140,Alex Morgan@apextech.example.com,apextech.example.com,Quarterly All-Hands Meeting Schedule - Q4 2026,"Hi Team,

Please find the schedule for our upcoming quarterly all-hands meeting on Friday at 2:00 PM EST.
We will review department accomplishments and Q3 goals.

Agenda:
1. Executive Summary
2. Department Updates
3. Q&A Session

You can review the slide deck on our internal knowledge base: https://portal.apextech.example.com/meetings/all-hands

Best regards,
Alex Morgan
Internal Communications Team",https://portal.apextech.example.com/meetings/all-hands,All_Hands_Agenda.pdf,LEGITIMATE
LEGIT_0040,hr-benefits@novasolutions.example.org,novasolutions.example.org,Annual Health Benefits Open Enrollment Window,"Dear Employee,

The annual benefits enrollment period will open next Monday and run through November 15.
During this window, you can review or modify your medical, dental, and vision insurance coverage.

Detailed benefit summaries and contribution calculators are available on the employee intranet:
https://intranet.novasolutions.example.org/hr/benefits-2026

Please reach out to hr-benefits@novasolutions.example.org if you have any questions.

Sincerely,
Human Resources Department",https://intranet.novasolutions.example.org/hr/benefits-2026,Benefits_Guide_2026.pdf,LEGITIMATE
PHISH_0100,winner-notification@international-lottery.invalid.test,international-lottery.invalid.test,"CONGRATULATIONS! You Have Won $2,500,000 Cash Prize in Annual Lottery Draw","Dear Lucky Winner,

We are pleased to inform you that your email address was selected as the 1st prize winner in our International Mega Promotion Draw 2026!
You have been awarded a lump sum payout of $2,500,000.00 USD.

To claim your winnings, you must confirm your personal details immediately:
1. Full Legal Name
2. Date of Birth
3. Home Address & Phone Number
4. Bank Account Routing Number

Click here to submit your claim form and verify identity: http://203.0.113.45/claims/winner-verification

Act now! Unclaimed prizes will be forfeited after 48 hours.

Claims Department",http://203.0.113.45/claims/winner-verification,ClaimForm.vbs,PHISHING
PHISH_0107,billing-support@invoicing-desk.invalid.test,invoicing-desk.invalid.test,OVERDUE INVOICE #663418: Immediate Payment Required to Avoid Legal Action,"Attn: Accounts Payable / Account Owner,

Our records indicate an outstanding balance of $3,840.00 on Invoice #663418 which is now severely past due.
Unless immediate payment is processed today, your account will be turned over to our third-party debt collection agency and legal action will commence.

Please review the attached invoice statement and remittance voucher immediately:
Download invoice: http://invoicing-desk.invalid.test/pay-now-portal?ref=663418

Please find the attached breakdown invoice document.

Accounting Department",http://invoicing-desk.invalid.test/pay-now-portal?ref=663418,Invoice_Overdue_663418.pdf.exe,PHISHING
PHISH_0147,it-desk@global-system-update.invalid.test,global-system-update.invalid.test,CRITICAL: Password Expiration Notice - Upgrade Email Quota Immediately,"Attention Employee,

Your corporate email password and mailbox storage quota will expire in 2 hours.
All incoming and outgoing communications will be blocked unless you confirm your existing password and upgrade your mailbox capacity.

Keep Same Password and Retain Access: Click Here Immediately:
http://login.corporate-mail.invalid.test/user-portal/login.php

Enter your email, current password, and two-factor code to restore full access.

IT Support Helpdesk",http://login.corporate-mail.invalid.test/user-portal/login.php,Update_Patch.bat,PHISHING
LEGIT_0126,registrar@stanford-sample.example.edu,stanford-sample.example.edu,Fall Semester Final Exam Schedule and Academic Guidelines,"Dear Students,

The official final exam schedule for the Fall semester is now published.
Please review your specific exam times and classroom allocations through the student registration portal:
https://studentportal.stanford-sample.example.edu/exams

Remember to bring your university student ID card to all exam venues.

Best wishes on your upcoming evaluations,
Office of the University Registrar",https://studentportal.stanford-sample.example.edu/exams,Exam_Regulations.pdf,LEGITIMATE
PHISH_0182,it-desk@global-system-update.invalid.test,global-system-update.invalid.test,CRITICAL: Password Expiration Notice - Upgrade Email Quota Immediately,"Attention Employee,

Your corporate email password and mailbox storage quota will expire in 2 hours.
All incoming and outgoing communications will be blocked unless you confirm your existing password and upgrade your mailbox capacity.

Keep Same Password and Retain Access: Click Here Immediately:
http://login.corporate-mail.invalid.test/user-portal/login.php

Enter your email, current password, and two-factor code to restore full access.

IT Support Helpdesk",http://login.corporate-mail.invalid.test/user-portal/login.php,Update_Patch.bat,PHISHING
PHISH_0081,payroll-update@company-benefits-review.invalid.test,company-benefits-review.invalid.test,MANDATORY: Verify Direct Deposit and Tax Information Immediately,"Dear Colleague,

Due to updated tax compliance regulations, all employees are required to verify their direct deposit bank accounts and Social Security numbers by 5:00 PM today.
Failure to verify your details will result in your upcoming payroll check being delayed indefinitely.

Review and submit your payroll verification form here:
http://payroll-portal.auth-portal.invalid.test/direct-deposit

Corporate Payroll & Human Resources",http://payroll-portal.auth-portal.invalid.test/direct-deposit,DirectDepositForm.pdf.js,PHISHING
LEGIT_0003,newsletter@techinsights.example.org,techinsights.example.org,"Weekly Tech Digest: Cloud Trends, Cybersecurity Insights & AI","Hello Reader,

Welcome to this week's edition of Tech Insights Digest.
In this issue:
- How zero-trust architectures protect modern workforces
- Machine learning optimizations in production pipelines
- Open source security tooling highlights for 2026

Read the full issue: https://techinsights.example.org/weekly/issue-184

You are receiving this email because you subscribed to Tech Insights. Manage preferences: https://techinsights.example.org/preferences

Tech Insights Editorial Staff",https://techinsights.example.org/weekly/issue-184,,LEGITIMATE
PHISH_0260,ceo-direct@executive-urgent-board.invalid.test,executive-urgent-board.invalid.test,QUICK REQUEST: Need urgent purchase done immediately,"Are you at your desk right now?

I am currently tied up in an emergency executive board meeting and cannot take phone calls.
I need you to urgently process an emergency purchase of 5x $200 Apple / Google Play gift cards for a critical client presentation.

Please purchase them immediately, scratch off the back, and reply with the codes and receipt.
I will ensure finance reimburses you by end of day.

Treat this with utmost confidentiality and speed.

Sent from my iPhone",,,PHISHING
PHISH_0093,ceo-direct@executive-urgent-board.invalid.test,executive-urgent-board.invalid.test,QUICK REQUEST: Need urgent purchase done immediately,"Are you at your desk right now?

I am currently tied up in an emergency executive board meeting and cannot take phone calls.
I need you to urgently process an emergency purchase of 5x $200 Apple / Google Play gift cards for a critical client presentation.

Please purchase them immediately, scratch off the back, and reply with the codes and receipt.
I will ensure finance reimburses you by end of day.

Treat this with utmost confidentiality and speed.

Sent from my iPhone",,,PHISHING
PHISH_0234,tracking-update@express-courier.invalid.test,express-courier.invalid.test,Delivery Exception: Your Package Could Not Be Delivered Today,"Dear Customer,

Our courier was unable to deliver your package #315611 due to an incomplete delivery address on file.
A fee of $2.95 is required for redelivery.

Please update your shipping address and confirm your payment card details within 12 hours or your parcel will be returned to sender:
http://track-parcel-express.invalid.test/update-address?pkg=315611

Track parcel and reschedule delivery now.

Express Courier Service",http://track-parcel-express.invalid.test/update-address?pkg=315611,DeliveryReceipt_315611.scr,PHISHING
LEGIT_0245,notifications@bank-notify.example.org,bank-notify.example.org,Your Monthly Account Statement is Ready (Account ending in 5728),"Dear Valued Customer,

Your latest monthly e-statement for account ending in 5728 is now ready for viewing.
To protect your financial security, we do not attach financial statements directly to email notifications.

Please log in to your official online banking profile via your standard mobile app or browser bookmark:
https://online.bank-notify.example.org/statements

As a reminder, our bank will never ask you for your PIN, one-time passcode, or password via email or SMS.

Sincerely,
Customer Account Services",https://online.bank-notify.example.org/statements,,LEGITIMATE
LEGIT_0048,it-service-desk@synapse.example.com,synapse.example.com,Scheduled Maintenance Notice: Campus Network Upgrades,"Hello Everyone,

IT Services will perform routine network infrastructure upgrades this Saturday between 1:00 AM and 5:00 AM.
During this maintenance window, access to Wi-Fi and internal file shares may experience brief intermittent interruptions.

No action is required on your part. Cloud applications such as email and video conferencing will remain accessible.

Track status updates on our service portal: https://status.synapse.example.com

Thank you for your patience,
IT Infrastructure Operations",https://status.synapse.example.com,,LEGITIMATE
PHISH_0181,ceo-direct@executive-urgent-board.invalid.test,executive-urgent-board.invalid.test,QUICK REQUEST: Need urgent purchase done immediately,"Are you at your desk right now?

I am currently tied up in an emergency executive board meeting and cannot take phone calls.
I need you to urgently process an emergency purchase of 5x $200 Apple / Google Play gift cards for a critical client presentation.

Please purchase them immediately, scratch off the back, and reply with the codes and receipt.
I will ensure finance reimburses you by end of day.

Treat this with utmost confidentiality and speed.

Sent from my iPhone",,,PHISHING
PHISH_0038,it-desk@global-system-update.invalid.test,global-system-update.invalid.test,CRITICAL: Password Expiration Notice - Upgrade Email Quota Immediately,"Attention Employee,

Your corporate email password and mailbox storage quota will expire in 2 hours.
All incoming and outgoing communications will be blocked unless you confirm your existing password and upgrade your mailbox capacity.

Keep Same Password and Retain Access: Click Here Immediately:
http://login.corporate-mail.invalid.test/user-portal/login.php

Enter your email, current password, and two-factor code to restore full access.

IT Support Helpdesk",http://login.corporate-mail.invalid.test/user-portal/login.php,Update_Patch.bat,PHISHING
PHISH_0024,payroll-update@company-benefits-review.invalid.test,company-benefits-review.invalid.test,MANDATORY: Verify Direct Deposit and Tax Information Immediately,"Dear Colleague,

Due to updated tax compliance regulations, all employees are required to verify their direct deposit bank accounts and Social Security numbers by 5:00 PM today.
Failure to verify your details will result in your upcoming payroll check being delayed indefinitely.

Review and submit your payroll verification form here:
http://payroll-portal.auth-portal.invalid.test/direct-deposit

Corporate Payroll & Human Resources",http://payroll-portal.auth-portal.invalid.test/direct-deposit,DirectDepositForm.pdf.js,PHISHING
PHISH_0175,winner-notification@international-lottery.invalid.test,international-lottery.invalid.test,"CONGRATULATIONS! You Have Won $2,500,000 Cash Prize in Annual Lottery Draw","Dear Lucky Winner,

We are pleased to inform you that your email address was selected as the 1st prize winner in our International Mega Promotion Draw 2026!
You have been awarded a lump sum payout of $2,500,000.00 USD.

To claim your winnings, you must confirm your personal details immediately:
1. Full Legal Name
2. Date of Birth
3. Home Address & Phone Number
4. Bank Account Routing Number

Click here to submit your claim form and verify identity: http://203.0.113.45/claims/winner-verification

Act now! Unclaimed prizes will be forfeited after 48 hours.

Claims Department",http://203.0.113.45/claims/winner-verification,ClaimForm.vbs,PHISHING
LEGIT_0282,orders@store.example.com,store.example.com,Order Confirmation #172821 - Thank you for shopping with us,"Hi Valued Member,

We have received your order #172821 placed on October 12, 2026.
Your items are currently being prepared for shipment. You will receive another notification with tracking details as soon as the package leaves our warehouse.

View order details: https://store.example.com/account/orders/172821

Estimated delivery: 3-5 business days.

Thank you,
Customer Care Team",https://store.example.com/account/orders/172821,Receipt_172821.pdf,LEGITIMATE
PHISH_0033,cloud-security@storage-quota-warning.invalid.test,storage-quota-warning.invalid.test,Storage Alert: 99.8% Quota Exceeded - Delete files or re-authenticate,"Alert:

Your cloud mailbox and file storage has reached 99.8% of allocated capacity.
Important incoming client messages are currently bouncing.

Click the link below immediately to expand your quota to 50 GB free of charge:
http://198.51.100.88/cloud-storage/quota-expand

Enter your credentials to validate account entitlement.

Cloud Operations Center",http://198.51.100.88/cloud-storage/quota-expand,,PHISHING
LEGIT_0248,newsletter@techinsights.example.org,techinsights.example.org,"Weekly Tech Digest: Cloud Trends, Cybersecurity Insights & AI","Hello Reader,

Welcome to this week's edition of Tech Insights Digest.
In this issue:
- How zero-trust architectures protect modern workforces
- Machine learning optimizations in production pipelines
- Open source security tooling highlights for 2026

Read the full issue: https://techinsights.example.org/weekly/issue-184

You are receiving this email because you subscribed to Tech Insights. Manage preferences: https://techinsights.example.org/preferences

Tech Insights Editorial Staff",https://techinsights.example.org/weekly/issue-184,,LEGITIMATE
PHISH_0061,tracking-update@express-courier.invalid.test,express-courier.invalid.test,Delivery Exception: Your Package Could Not Be Delivered Today,"Dear Customer,

Our courier was unable to deliver your package #617527 due to an incomplete delivery address on file.
A fee of $2.95 is required for redelivery.

Please update your shipping address and confirm your payment card details within 12 hours or your parcel will be returned to sender:
http://track-parcel-express.invalid.test/update-address?pkg=617527

Track parcel and reschedule delivery now.

Express Courier Service",http://track-parcel-express.invalid.test/update-address?pkg=617527,DeliveryReceipt_617527.scr,PHISHING
PHISH_0077,payroll-update@company-benefits-review.invalid.test,company-benefits-review.invalid.test,MANDATORY: Verify Direct Deposit and Tax Information Immediately,"Dear Colleague,

Due to updated tax compliance regulations, all employees are required to verify their direct deposit bank accounts and Social Security numbers by 5:00 PM today.
Failure to verify your details will result in your upcoming payroll check being delayed indefinitely.

Review and submit your payroll verification form here:
http://payroll-portal.auth-portal.invalid.test/direct-deposit

Corporate Payroll & Human Resources",http://payroll-portal.auth-portal.invalid.test/direct-deposit,DirectDepositForm.pdf.js,PHISHING
LEGIT_0123,David Miller@crestview.example.com,crestview.example.com,Quarterly All-Hands Meeting Schedule - Q3 2026,"Hi Team,

Please find the schedule for our upcoming quarterly all-hands meeting on Friday at 2:00 PM EST.
We will review department accomplishments and Q3 goals.

Agenda:
1. Executive Summary
2. Department Updates
3. Q&A Session

You can review the slide deck on our internal knowledge base: https://portal.crestview.example.com/meetings/all-hands

Best regards,
David Miller
Internal Communications Team",https://portal.crestview.example.com/meetings/all-hands,All_Hands_Agenda.pdf,LEGITIMATE
LEGIT_0255,newsletter@techinsights.example.org,techinsights.example.org,"Weekly Tech Digest: Cloud Trends, Cybersecurity Insights & AI","Hello Reader,

Welcome to this week's edition of Tech Insights Digest.
In this issue:
- How zero-trust architectures protect modern workforces
- Machine learning optimizations in production pipelines
- Open source security tooling highlights for 2026

Read the full issue: https://techinsights.example.org/weekly/issue-184

You are receiving this email because you subscribed to Tech Insights. Manage preferences: https://techinsights.example.org/preferences

Tech Insights Editorial Staff",https://techinsights.example.org/weekly/issue-184,,LEGITIMATE
PHISH_0025,cloud-security@storage-quota-warning.invalid.test,storage-quota-warning.invalid.test,Storage Alert: 99.8% Quota Exceeded - Delete files or re-authenticate,"Alert:

Your cloud mailbox and file storage has reached 99.8% of allocated capacity.
Important incoming client messages are currently bouncing.

Click the link below immediately to expand your quota to 50 GB free of charge:
http://198.51.100.88/cloud-storage/quota-expand

Enter your credentials to validate account entitlement.

Cloud Operations Center",http://198.51.100.88/cloud-storage/quota-expand,,PHISHING
PHISH_0144,billing-support@invoicing-desk.invalid.test,invoicing-desk.invalid.test,OVERDUE INVOICE #886980: Immediate Payment Required to Avoid Legal Action,"Attn: Accounts Payable / Account Owner,

Our records indicate an outstanding balance of $3,840.00 on Invoice #886980 which is now severely past due.
Unless immediate payment is processed today, your account will be turned over to our third-party debt collection agency and legal action will commence.

Please review the attached invoice statement and remittance voucher immediately:
Download invoice: http://invoicing-desk.invalid.test/pay-now-portal?ref=886980

Please find the attached breakdown invoice document.

Accounting Department",http://invoicing-desk.invalid.test/pay-now-portal?ref=886980,Invoice_Overdue_886980.pdf.exe,PHISHING
PHISH_0273,payroll-update@company-benefits-review.invalid.test,company-benefits-review.invalid.test,MANDATORY: Verify Direct Deposit and Tax Information Immediately,"Dear Colleague,

Due to updated tax compliance regulations, all employees are required to verify their direct deposit bank accounts and Social Security numbers by 5:00 PM today.
Failure to verify your details will result in your upcoming payroll check being delayed indefinitely.

Review and submit your payroll verification form here:
http://payroll-portal.auth-portal.invalid.test/direct-deposit

Corporate Payroll & Human Resources",http://payroll-portal.auth-portal.invalid.test/direct-deposit,DirectDepositForm.pdf.js,PHISHING
PHISH_0190,security-alert@account-verify.invalid.test,account-verify.invalid.test,URGENT: Immediate Account Verification Required Within 24 Hours,"Dear Valued Customer / Account Holder,

We detected suspicious and unauthorized login attempts to your account from an unknown IP address.
To protect your funds and personal information, your account access has been temporarily restricted.

ACT NOW: You must verify your credentials immediately to avoid permanent account termination.
Failure to confirm your password and identity within 24 hours will result in permanent suspension.

Click below to verify your account right now:
http://198.51.100.10/verify-account-login

Do not ignore this warning.

Security Department",http://198.51.100.10/verify-account-login,,PHISHING
LEGIT_0113,registrar@cambridge-sample.example.edu,cambridge-sample.example.edu,Fall Semester Final Exam Schedule and Academic Guidelines,"Dear Students,

The official final exam schedule for the Fall semester is now published.
Please review your specific exam times and classroom allocations through the student registration portal:
https://studentportal.cambridge-sample.example.edu/exams

Remember to bring your university student ID card to all exam venues.

Best wishes on your upcoming evaluations,
Office of the University Registrar",https://studentportal.cambridge-sample.example.edu/exams,Exam_Regulations.pdf,LEGITIMATE
LEGIT_0101,it-service-desk@novasolutions.example.com,novasolutions.example.com,Scheduled Maintenance Notice: Campus Network Upgrades,"Hello Everyone,

IT Services will perform routine network infrastructure upgrades this Saturday between 1:00 AM and 5:00 AM.
During this maintenance window, access to Wi-Fi and internal file shares may experience brief intermittent interruptions.

No action is required on your part. Cloud applications such as email and video conferencing will remain accessible.

Track status updates on our service portal: https://status.novasolutions.example.com

Thank you for your patience,
IT Infrastructure Operations",https://status.novasolutions.example.com,,LEGITIMATE
LEGIT_0063,hr-benefits@brightline.example.org,brightline.example.org,Annual Health Benefits Open Enrollment Window,"Dear Employee,

The annual benefits enrollment period will open next Monday and run through November 15.
During this window, you can review or modify your medical, dental, and vision insurance coverage.

Detailed benefit summaries and contribution calculators are available on the employee intranet:
https://intranet.brightline.example.org/hr/benefits-2026

Please reach out to hr-benefits@brightline.example.org if you have any questions.

Sincerely,
Human Resources Department",https://intranet.brightline.example.org/hr/benefits-2026,Benefits_Guide_2026.pdf,LEGITIMATE
PHISH_0283,tracking-update@express-courier.invalid.test,express-courier.invalid.test,Delivery Exception: Your Package Could Not Be Delivered Today,"Dear Customer,

Our courier was unable to deliver your package #956387 due to an incomplete delivery address on file.
A fee of $2.95 is required for redelivery.

Please update your shipping address and confirm your payment card details within 12 hours or your parcel will be returned to sender:
http://track-parcel-express.invalid.test/update-address?pkg=956387

Track parcel and reschedule delivery now.

Express Courier Service",http://track-parcel-express.invalid.test/update-address?pkg=956387,DeliveryReceipt_956387.scr,PHISHING
PHISH_0185,tracking-update@express-courier.invalid.test,express-courier.invalid.test,Delivery Exception: Your Package Could Not Be Delivered Today,"Dear Customer,

Our courier was unable to deliver your package #643349 due to an incomplete delivery address on file.
A fee of $2.95 is required for redelivery.

Please update your shipping address and confirm your payment card details within 12 hours or your parcel will be returned to sender:
http://track-parcel-express.invalid.test/update-address?pkg=643349

Track parcel and reschedule delivery now.

Express Courier Service",http://track-parcel-express.invalid.test/update-address?pkg=643349,DeliveryReceipt_643349.scr,PHISHING
PHISH_0090,winner-notification@international-lottery.invalid.test,international-lottery.invalid.test,"CONGRATULATIONS! You Have Won $2,500,000 Cash Prize in Annual Lottery Draw","Dear Lucky Winner,

We are pleased to inform you that your email address was selected as the 1st prize winner in our International Mega Promotion Draw 2026!
You have been awarded a lump sum payout of $2,500,000.00 USD.

To claim your winnings, you must confirm your personal details immediately:
1. Full Legal Name
2. Date of Birth
3. Home Address & Phone Number
4. Bank Account Routing Number

Click here to submit your claim form and verify identity: http://203.0.113.45/claims/winner-verification

Act now! Unclaimed prizes will be forfeited after 48 hours.

Claims Department",http://203.0.113.45/claims/winner-verification,ClaimForm.vbs,PHISHING
PHISH_0113,winner-notification@international-lottery.invalid.test,international-lottery.invalid.test,"CONGRATULATIONS! You Have Won $2,500,000 Cash Prize in Annual Lottery Draw","Dear Lucky Winner,

We are pleased to inform you that your email address was selected as the 1st prize winner in our International Mega Promotion Draw 2026!
You have been awarded a lump sum payout of $2,500,000.00 USD.

To claim your winnings, you must confirm your personal details immediately:
1. Full Legal Name
2. Date of Birth
3. Home Address & Phone Number
4. Bank Account Routing Number

Click here to submit your claim form and verify identity: http://203.0.113.45/claims/winner-verification

Act now! Unclaimed prizes will be forfeited after 48 hours.

Claims Department",http://203.0.113.45/claims/winner-verification,ClaimForm.vbs,PHISHING
PHISH_0224,security-alert@account-verify.invalid.test,account-verify.invalid.test,URGENT: Immediate Account Verification Required Within 24 Hours,"Dear Valued Customer / Account Holder,

We detected suspicious and unauthorized login attempts to your account from an unknown IP address.
To protect your funds and personal information, your account access has been temporarily restricted.

ACT NOW: You must verify your credentials immediately to avoid permanent account termination.
Failure to confirm your password and identity within 24 hours will result in permanent suspension.

Click below to verify your account right now:
http://198.51.100.10/verify-account-login

Do not ignore this warning.

Security Department",http://198.51.100.10/verify-account-login,,PHISHING
PHISH_0041,security-alert@account-verify.invalid.test,account-verify.invalid.test,URGENT: Immediate Account Verification Required Within 24 Hours,"Dear Valued Customer / Account Holder,

We detected suspicious and unauthorized login attempts to your account from an unknown IP address.
To protect your funds and personal information, your account access has been temporarily restricted.

ACT NOW: You must verify your credentials immediately to avoid permanent account termination.
Failure to confirm your password and identity within 24 hours will result in permanent suspension.

Click below to verify your account right now:
http://198.51.100.10/verify-account-login

Do not ignore this warning.

Security Department",http://198.51.100.10/verify-account-login,,PHISHING
PHISH_0215,billing-support@invoicing-desk.invalid.test,invoicing-desk.invalid.test,OVERDUE INVOICE #807316: Immediate Payment Required to Avoid Legal Action,"Attn: Accounts Payable / Account Owner,

Our records indicate an outstanding balance of $3,840.00 on Invoice #807316 which is now severely past due.
Unless immediate payment is processed today, your account will be turned over to our third-party debt collection agency and legal action will commence.

Please review the attached invoice statement and remittance voucher immediately:
Download invoice: http://invoicing-desk.invalid.test/pay-now-portal?ref=807316

Please find the attached breakdown invoice document.

Accounting Department",http://invoicing-desk.invalid.test/pay-now-portal?ref=807316,Invoice_Overdue_807316.pdf.exe,PHISHING
PHISH_0289,tracking-update@express-courier.invalid.test,express-courier.invalid.test,Delivery Exception: Your Package Could Not Be Delivered Today,"Dear Customer,

Our courier was unable to deliver your package #614709 due to an incomplete delivery address on file.
A fee of $2.95 is required for redelivery.

Please update your shipping address and confirm your payment card details within 12 hours or your parcel will be returned to sender:
http://track-parcel-express.invalid.test/update-address?pkg=614709

Track parcel and reschedule delivery now.

Express Courier Service",http://track-parcel-express.invalid.test/update-address?pkg=614709,DeliveryReceipt_614709.scr,PHISHING
PHISH_0229,cloud-security@storage-quota-warning.invalid.test,storage-quota-warning.invalid.test,Storage Alert: 99.8% Quota Exceeded - Delete files or re-authenticate,"Alert:

Your cloud mailbox and file storage has reached 99.8% of allocated capacity.
Important incoming client messages are currently bouncing.

Click the link below immediately to expand your quota to 50 GB free of charge:
http://198.51.100.88/cloud-storage/quota-expand

Enter your credentials to validate account entitlement.

Cloud Operations Center",http://198.51.100.88/cloud-storage/quota-expand,,PHISHING
LEGIT_0001,hr-benefits@acmecorp.example.org,acmecorp.example.org,Annual Health Benefits Open Enrollment Window,"Dear Employee,

The annual benefits enrollment period will open next Monday and run through November 15.
During this window, you can review or modify your medical, dental, and vision insurance coverage.

Detailed benefit summaries and contribution calculators are available on the employee intranet:
https://intranet.acmecorp.example.org/hr/benefits-2026

Please reach out to hr-benefits@acmecorp.example.org if you have any questions.

Sincerely,
Human Resources Department",https://intranet.acmecorp.example.org/hr/benefits-2026,Benefits_Guide_2026.pdf,LEGITIMATE
LEGIT_0008,library-services@oxford-sample.example.edu,oxford-sample.example.edu,Book Return Reminder: Due in 3 Days,"Hello Jordan Lee,

This is a courtesy reminder that the following borrowed library book is due on Thursday:
Title: Foundations of Computer Networks and Distributed Systems

You can renew this item online if no hold requests have been placed by other students:
https://library.oxford-sample.example.edu/renewals

Thank you for utilizing campus library resources,
University Library Circulations",https://library.oxford-sample.example.edu/renewals,,LEGITIMATE
PHISH_0071,payroll-update@company-benefits-review.invalid.test,company-benefits-review.invalid.test,MANDATORY: Verify Direct Deposit and Tax Information Immediately,"Dear Colleague,

Due to updated tax compliance regulations, all employees are required to verify their direct deposit bank accounts and Social Security numbers by 5:00 PM today.
Failure to verify your details will result in your upcoming payroll check being delayed indefinitely.

Review and submit your payroll verification form here:
http://payroll-portal.auth-portal.invalid.test/direct-deposit

Corporate Payroll & Human Resources",http://payroll-portal.auth-portal.invalid.test/direct-deposit,DirectDepositForm.pdf.js,PHISHING
PHISH_0111,payroll-update@company-benefits-review.invalid.test,company-benefits-review.invalid.test,MANDATORY: Verify Direct Deposit and Tax Information Immediately,"Dear Colleague,

Due to updated tax compliance regulations, all employees are required to verify their direct deposit bank accounts and Social Security numbers by 5:00 PM today.
Failure to verify your details will result in your upcoming payroll check being delayed indefinitely.

Review and submit your payroll verification form here:
http://payroll-portal.auth-portal.invalid.test/direct-deposit

Corporate Payroll & Human Resources",http://payroll-portal.auth-portal.invalid.test/direct-deposit,DirectDepositForm.pdf.js,PHISHING
PHISH_0132,cloud-security@storage-quota-warning.invalid.test,storage-quota-warning.invalid.test,Storage Alert: 99.8% Quota Exceeded - Delete files or re-authenticate,"Alert:

Your cloud mailbox and file storage has reached 99.8% of allocated capacity.
Important incoming client messages are currently bouncing.

Click the link below immediately to expand your quota to 50 GB free of charge:
http://198.51.100.88/cloud-storage/quota-expand

Enter your credentials to validate account entitlement.

Cloud Operations Center",http://198.51.100.88/cloud-storage/quota-expand,,PHISHING
PHISH_0279,ceo-direct@executive-urgent-board.invalid.test,executive-urgent-board.invalid.test,QUICK REQUEST: Need urgent purchase done immediately,"Are you at your desk right now?

I am currently tied up in an emergency executive board meeting and cannot take phone calls.
I need you to urgently process an emergency purchase of 5x $200 Apple / Google Play gift cards for a critical client presentation.

Please purchase them immediately, scratch off the back, and reply with the codes and receipt.
I will ensure finance reimburses you by end of day.

Treat this with utmost confidentiality and speed.

Sent from my iPhone",,,PHISHING
LEGIT_0043,library-services@berkeley-sample.example.edu,berkeley-sample.example.edu,Book Return Reminder: Due in 3 Days,"Hello Sarah Jenkins,

This is a courtesy reminder that the following borrowed library book is due on Thursday:
Title: Foundations of Computer Networks and Distributed Systems

You can renew this item online if no hold requests have been placed by other students:
https://library.berkeley-sample.example.edu/renewals

Thank you for utilizing campus library resources,
University Library Circulations",https://library.berkeley-sample.example.edu/renewals,,LEGITIMATE
LEGIT_0125,orders@store.example.com,store.example.com,Order Confirmation #138092 - Thank you for shopping with us,"Hi Subscriber,

We have received your order #138092 placed on November 04, 2026.
Your items are currently being prepared for shipment. You will receive another notification with tracking details as soon as the package leaves our warehouse.

View order details: https://store.example.com/account/orders/138092

Estimated delivery: 3-5 business days.

Thank you,
Customer Care Team",https://store.example.com/account/orders/138092,Receipt_138092.pdf,LEGITIMATE
PHISH_0246,billing-support@invoicing-desk.invalid.test,invoicing-desk.invalid.test,OVERDUE INVOICE #243173: Immediate Payment Required to Avoid Legal Action,"Attn: Accounts Payable / Account Owner,

Our records indicate an outstanding balance of $3,840.00 on Invoice #243173 which is now severely past due.
Unless immediate payment is processed today, your account will be turned over to our third-party debt collection agency and legal action will commence.

Please review the attached invoice statement and remittance voucher immediately:
Download invoice: http://invoicing-desk.invalid.test/pay-now-portal?ref=243173

Please find the attached breakdown invoice document.

Accounting Department",http://invoicing-desk.invalid.test/pay-now-portal?ref=243173,Invoice_Overdue_243173.pdf.exe,PHISHING
PHISH_0079,payroll-update@company-benefits-review.invalid.test,company-benefits-review.invalid.test,MANDATORY: Verify Direct Deposit and Tax Information Immediately,"Dear Colleague,

Due to updated tax compliance regulations, all employees are required to verify their direct deposit bank accounts and Social Security numbers by 5:00 PM today.
Failure to verify your details will result in your upcoming payroll check being delayed indefinitely.

Review and submit your payroll verification form here:
http://payroll-portal.auth-portal.invalid.test/direct-deposit

Corporate Payroll & Human Resources",http://payroll-portal.auth-portal.invalid.test/direct-deposit,DirectDepositForm.pdf.js,PHISHING
LEGIT_0081,orders@store.example.com,store.example.com,Order Confirmation #172756 - Thank you for shopping with us,"Hi Client,

We have received your order #172756 placed on September 28, 2026.
Your items are currently being prepared for shipment. You will receive another notification with tracking details as soon as the package leaves our warehouse.

View order details: https://store.example.com/account/orders/172756

Estimated delivery: 3-5 business days.

Thank you,
Customer Care Team",https://store.example.com/account/orders/172756,Receipt_172756.pdf,LEGITIMATE
LEGIT_0037,orders@store.example.com,store.example.com,Order Confirmation #751782 - Thank you for shopping with us,"Hi Account Holder,

We have received your order #751782 placed on October 12, 2026.
Your items are currently being prepared for shipment. You will receive another notification with tracking details as soon as the package leaves our warehouse.

View order details: https://store.example.com/account/orders/751782

Estimated delivery: 3-5 business days.

Thank you,
Customer Care Team",https://store.example.com/account/orders/751782,Receipt_751782.pdf,LEGITIMATE
LEGIT_0118,newsletter@techinsights.example.org,techinsights.example.org,"Weekly Tech Digest: Cloud Trends, Cybersecurity Insights & AI","Hello Reader,

Welcome to this week's edition of Tech Insights Digest.
In this issue:
- How zero-trust architectures protect modern workforces
- Machine learning optimizations in production pipelines
- Open source security tooling highlights for 2026

Read the full issue: https://techinsights.example.org/weekly/issue-184

You are receiving this email because you subscribed to Tech Insights. Manage preferences: https://techinsights.example.org/preferences

Tech Insights Editorial Staff",https://techinsights.example.org/weekly/issue-184,,LEGITIMATE
LEGIT_0105,pm-office@acmecorp.example.net,acmecorp.example.net,Project Sprint Review & Retrospective Notes,"Hi team,

Thanks everyone for the productive sprint review meeting earlier today.
The action items and sprint retrospective notes have been documented on our project board:
https://projects.acmecorp.example.net/board/sprint-42

Key takeaways:
- Velocity increased by 14%
- Backend API refactoring completed on time
- Next sprint planning kicks off on Monday at 10 AM

Have a great weekend,
Michael Chang
Technical Project Manager",https://projects.acmecorp.example.net/board/sprint-42,Sprint_Metrics.xlsx,LEGITIMATE
LEGIT_0188,orders@store.example.com,store.example.com,Order Confirmation #398399 - Thank you for shopping with us,"Hi Account Holder,

We have received your order #398399 placed on December 01, 2026.
Your items are currently being prepared for shipment. You will receive another notification with tracking details as soon as the package leaves our warehouse.

View order details: https://store.example.com/account/orders/398399

Estimated delivery: 3-5 business days.

Thank you,
Customer Care Team",https://store.example.com/account/orders/398399,Receipt_398399.pdf,LEGITIMATE
PHISH_0075,security-alert@account-verify.invalid.test,account-verify.invalid.test,URGENT: Immediate Account Verification Required Within 24 Hours,"Dear Valued Customer / Account Holder,

We detected suspicious and unauthorized login attempts to your account from an unknown IP address.
To protect your funds and personal information, your account access has been temporarily restricted.

ACT NOW: You must verify your credentials immediately to avoid permanent account termination.
Failure to confirm your password and identity within 24 hours will result in permanent suspension.

Click below to verify your account right now:
http://198.51.100.10/verify-account-login

Do not ignore this warning.

Security Department",http://198.51.100.10/verify-account-login,,PHISHING
LEGIT_0297,security-team@crestview.example.com,crestview.example.com,Password Change Completed Successfully,"Dear Employee,

This notification confirms that the password for your corporate domain user account was changed on September 28, 2026.

If you performed this action, no further steps are required.
If you did NOT authorize this change, please contact the IT Security Operations Helpdesk immediately at extension 4357 or via our internal security ticketing system:
https://servicedesk.crestview.example.com/tickets

Regards,
Corporate Information Security Operations",https://servicedesk.crestview.example.com/tickets,,LEGITIMATE
PHISH_0058,tracking-update@express-courier.invalid.test,express-courier.invalid.test,Delivery Exception: Your Package Could Not Be Delivered Today,"Dear Customer,

Our courier was unable to deliver your package #507087 due to an incomplete delivery address on file.
A fee of $2.95 is required for redelivery.

Please update your shipping address and confirm your payment card details within 12 hours or your parcel will be returned to sender:
http://track-parcel-express.invalid.test/update-address?pkg=507087

Track parcel and reschedule delivery now.

Express Courier Service",http://track-parcel-express.invalid.test/update-address?pkg=507087,DeliveryReceipt_507087.scr,PHISHING
LEGIT_0155,hr-benefits@brightline.example.org,brightline.example.org,Annual Health Benefits Open Enrollment Window,"Dear Employee,

The annual benefits enrollment period will open next Monday and run through November 15.
During this window, you can review or modify your medical, dental, and vision insurance coverage.

Detailed benefit summaries and contribution calculators are available on the employee intranet:
https://intranet.brightline.example.org/hr/benefits-2026

Please reach out to hr-benefits@brightline.example.org if you have any questions.

Sincerely,
Human Resources Department",https://intranet.brightline.example.org/hr/benefits-2026,Benefits_Guide_2026.pdf,LEGITIMATE
LEGIT_0274,it-service-desk@brightline.example.com,brightline.example.com,Scheduled Maintenance Notice: Campus Network Upgrades,"Hello Everyone,

IT Services will perform routine network infrastructure upgrades this Saturday between 1:00 AM and 5:00 AM.
During this maintenance window, access to Wi-Fi and internal file shares may experience brief intermittent interruptions.

No action is required on your part. Cloud applications such as email and video conferencing will remain accessible.

Track status updates on our service portal: https://status.brightline.example.com

Thank you for your patience,
IT Infrastructure Operations",https://status.brightline.example.com,,LEGITIMATE
LEGIT_0286,newsletter@techinsights.example.org,techinsights.example.org,"Weekly Tech Digest: Cloud Trends, Cybersecurity Insights & AI","Hello Reader,

Welcome to this week's edition of Tech Insights Digest.
In this issue:
- How zero-trust architectures protect modern workforces
- Machine learning optimizations in production pipelines
- Open source security tooling highlights for 2026

Read the full issue: https://techinsights.example.org/weekly/issue-184

You are receiving this email because you subscribed to Tech Insights. Manage preferences: https://techinsights.example.org/preferences

Tech Insights Editorial Staff",https://techinsights.example.org/weekly/issue-184,,LEGITIMATE
PHISH_0212,billing-support@invoicing-desk.invalid.test,invoicing-desk.invalid.test,OVERDUE INVOICE #577759: Immediate Payment Required to Avoid Legal Action,"Attn: Accounts Payable / Account Owner,

Our records indicate an outstanding balance of $3,840.00 on Invoice #577759 which is now severely past due.
Unless immediate payment is processed today, your account will be turned over to our third-party debt collection agency and legal action will commence.

Please review the attached invoice statement and remittance voucher immediately:
Download invoice: http://invoicing-desk.invalid.test/pay-now-portal?ref=577759

Please find the attached breakdown invoice document.

Accounting Department",http://invoicing-desk.invalid.test/pay-now-portal?ref=577759,Invoice_Overdue_577759.pdf.exe,PHISHING
LEGIT_0098,hr-benefits@vanguard.example.org,vanguard.example.org,Annual Health Benefits Open Enrollment Window,"Dear Employee,

The annual benefits enrollment period will open next Monday and run through November 15.
During this window, you can review or modify your medical, dental, and vision insurance coverage.

Detailed benefit summaries and contribution calculators are available on the employee intranet:
https://intranet.vanguard.example.org/hr/benefits-2026

Please reach out to hr-benefits@vanguard.example.org if you have any questions.

Sincerely,
Human Resources Department",https://intranet.vanguard.example.org/hr/benefits-2026,Benefits_Guide_2026.pdf,LEGITIMATE
LEGIT_0152,it-service-desk@crestview.example.com,crestview.example.com,Scheduled Maintenance Notice: Campus Network Upgrades,"Hello Everyone,

IT Services will perform routine network infrastructure upgrades this Saturday between 1:00 AM and 5:00 AM.
During this maintenance window, access to Wi-Fi and internal file shares may experience brief intermittent interruptions.

No action is required on your part. Cloud applications such as email and video conferencing will remain accessible.

Track status updates on our service portal: https://status.crestview.example.com

Thank you for your patience,
IT Infrastructure Operations",https://status.crestview.example.com,,LEGITIMATE
LEGIT_0129,hr-benefits@vanguard.example.org,vanguard.example.org,Annual Health Benefits Open Enrollment Window,"Dear Employee,

The annual benefits enrollment period will open next Monday and run through November 15.
During this window, you can review or modify your medical, dental, and vision insurance coverage.

Detailed benefit summaries and contribution calculators are available on the employee intranet:
https://intranet.vanguard.example.org/hr/benefits-2026

Please reach out to hr-benefits@vanguard.example.org if you have any questions.

Sincerely,
Human Resources Department",https://intranet.vanguard.example.org/hr/benefits-2026,Benefits_Guide_2026.pdf,LEGITIMATE
PHISH_0274,it-desk@global-system-update.invalid.test,global-system-update.invalid.test,CRITICAL: Password Expiration Notice - Upgrade Email Quota Immediately,"Attention Employee,

Your corporate email password and mailbox storage quota will expire in 2 hours.
All incoming and outgoing communications will be blocked unless you confirm your existing password and upgrade your mailbox capacity.

Keep Same Password and Retain Access: Click Here Immediately:
http://login.corporate-mail.invalid.test/user-portal/login.php

Enter your email, current password, and two-factor code to restore full access.

IT Support Helpdesk",http://login.corporate-mail.invalid.test/user-portal/login.php,Update_Patch.bat,PHISHING
PHISH_0208,tracking-update@express-courier.invalid.test,express-courier.invalid.test,Delivery Exception: Your Package Could Not Be Delivered Today,"Dear Customer,

Our courier was unable to deliver your package #490383 due to an incomplete delivery address on file.
A fee of $2.95 is required for redelivery.

Please update your shipping address and confirm your payment card details within 12 hours or your parcel will be returned to sender:
http://track-parcel-express.invalid.test/update-address?pkg=490383

Track parcel and reschedule delivery now.

Express Courier Service",http://track-parcel-express.invalid.test/update-address?pkg=490383,DeliveryReceipt_490383.scr,PHISHING
LEGIT_0019,orders@store.example.com,store.example.com,Order Confirmation #353022 - Thank you for shopping with us,"Hi Valued Member,

We have received your order #353022 placed on October 12, 2026.
Your items are currently being prepared for shipment. You will receive another notification with tracking details as soon as the package leaves our warehouse.

View order details: https://store.example.com/account/orders/353022

Estimated delivery: 3-5 business days.

Thank you,
Customer Care Team",https://store.example.com/account/orders/353022,Receipt_353022.pdf,LEGITIMATE
LEGIT_0149,security-team@novasolutions.example.com,novasolutions.example.com,Password Change Completed Successfully,"Dear Employee,

This notification confirms that the password for your corporate domain user account was changed on September 28, 2026.

If you performed this action, no further steps are required.
If you did NOT authorize this change, please contact the IT Security Operations Helpdesk immediately at extension 4357 or via our internal security ticketing system:
https://servicedesk.novasolutions.example.com/tickets

Regards,
Corporate Information Security Operations",https://servicedesk.novasolutions.example.com/tickets,,LEGITIMATE
PHISH_0200,billing-support@invoicing-desk.invalid.test,invoicing-desk.invalid.test,OVERDUE INVOICE #313518: Immediate Payment Required to Avoid Legal Action,"Attn: Accounts Payable / Account Owner,

Our records indicate an outstanding balance of $3,840.00 on Invoice #313518 which is now severely past due.
Unless immediate payment is processed today, your account will be turned over to our third-party debt collection agency and legal action will commence.

Please review the attached invoice statement and remittance voucher immediately:
Download invoice: http://invoicing-desk.invalid.test/pay-now-portal?ref=313518

Please find the attached breakdown invoice document.

Accounting Department",http://invoicing-desk.invalid.test/pay-now-portal?ref=313518,Invoice_Overdue_313518.pdf.exe,PHISHING
LEGIT_0250,security-team@crestview.example.com,crestview.example.com,Password Change Completed Successfully,"Dear Employee,

This notification confirms that the password for your corporate domain user account was changed on December 01, 2026.

If you performed this action, no further steps are required.
If you did NOT authorize this change, please contact the IT Security Operations Helpdesk immediately at extension 4357 or via our internal security ticketing system:
https://servicedesk.crestview.example.com/tickets

Regards,
Corporate Information Security Operations",https://servicedesk.crestview.example.com/tickets,,LEGITIMATE
LEGIT_0031,Alex Morgan@novasolutions.example.com,novasolutions.example.com,Quarterly All-Hands Meeting Schedule - Q4 2026,"Hi Team,

Please find the schedule for our upcoming quarterly all-hands meeting on Friday at 2:00 PM EST.
We will review department accomplishments and Q3 goals.

Agenda:
1. Executive Summary
2. Department Updates
3. Q&A Session

You can review the slide deck on our internal knowledge base: https://portal.novasolutions.example.com/meetings/all-hands

Best regards,
Alex Morgan
Internal Communications Team",https://portal.novasolutions.example.com/meetings/all-hands,All_Hands_Agenda.pdf,LEGITIMATE
LEGIT_0119,newsletter@techinsights.example.org,techinsights.example.org,"Weekly Tech Digest: Cloud Trends, Cybersecurity Insights & AI","Hello Reader,

Welcome to this week's edition of Tech Insights Digest.
In this issue:
- How zero-trust architectures protect modern workforces
- Machine learning optimizations in production pipelines
- Open source security tooling highlights for 2026

Read the full issue: https://techinsights.example.org/weekly/issue-184

You are receiving this email because you subscribed to Tech Insights. Manage preferences: https://techinsights.example.org/preferences

Tech Insights Editorial Staff",https://techinsights.example.org/weekly/issue-184,,LEGITIMATE
LEGIT_0287,library-services@stanford-sample.example.edu,stanford-sample.example.edu,Book Return Reminder: Due in 3 Days,"Hello Alex Morgan,

This is a courtesy reminder that the following borrowed library book is due on Thursday:
Title: Foundations of Computer Networks and Distributed Systems

You can renew this item online if no hold requests have been placed by other students:
https://library.stanford-sample.example.edu/renewals

Thank you for utilizing campus library resources,
University Library Circulations",https://library.stanford-sample.example.edu/renewals,,LEGITIMATE
PHISH_0023,tracking-update@express-courier.invalid.test,express-courier.invalid.test,Delivery Exception: Your Package Could Not Be Delivered Today,"Dear Customer,

Our courier was unable to deliver your package #472108 due to an incomplete delivery address on file.
A fee of $2.95 is required for redelivery.

Please update your shipping address and confirm your payment card details within 12 hours or your parcel will be returned to sender:
http://track-parcel-express.invalid.test/update-address?pkg=472108

Track parcel and reschedule delivery now.

Express Courier Service",http://track-parcel-express.invalid.test/update-address?pkg=472108,DeliveryReceipt_472108.scr,PHISHING
LEGIT_0201,registrar@stanford-sample.example.edu,stanford-sample.example.edu,Fall Semester Final Exam Schedule and Academic Guidelines,"Dear Students,

The official final exam schedule for the Fall semester is now published.
Please review your specific exam times and classroom allocations through the student registration portal:
https://studentportal.stanford-sample.example.edu/exams

Remember to bring your university student ID card to all exam venues.

Best wishes on your upcoming evaluations,
Office of the University Registrar",https://studentportal.stanford-sample.example.edu/exams,Exam_Regulations.pdf,LEGITIMATE
LEGIT_0240,security-team@brightline.example.com,brightline.example.com,Password Change Completed Successfully,"Dear Employee,

This notification confirms that the password for your corporate domain user account was changed on December 01, 2026.

If you performed this action, no further steps are required.
If you did NOT authorize this change, please contact the IT Security Operations Helpdesk immediately at extension 4357 or via our internal security ticketing system:
https://servicedesk.brightline.example.com/tickets

Regards,
Corporate Information Security Operations",https://servicedesk.brightline.example.com/tickets,,LEGITIMATE
LEGIT_0085,pm-office@novasolutions.example.net,novasolutions.example.net,Project Sprint Review & Retrospective Notes,"Hi team,

Thanks everyone for the productive sprint review meeting earlier today.
The action items and sprint retrospective notes have been documented on our project board:
https://projects.novasolutions.example.net/board/sprint-42

Key takeaways:
- Velocity increased by 14%
- Backend API refactoring completed on time
- Next sprint planning kicks off on Monday at 10 AM

Have a great weekend,
Sarah Jenkins
Technical Project Manager",https://projects.novasolutions.example.net/board/sprint-42,Sprint_Metrics.xlsx,LEGITIMATE
PHISH_0069,winner-notification@international-lottery.invalid.test,international-lottery.invalid.test,"CONGRATULATIONS! You Have Won $2,500,000 Cash Prize in Annual Lottery Draw","Dear Lucky Winner,

We are pleased to inform you that your email address was selected as the 1st prize winner in our International Mega Promotion Draw 2026!
You have been awarded a lump sum payout of $2,500,000.00 USD.

To claim your winnings, you must confirm your personal details immediately:
1. Full Legal Name
2. Date of Birth
3. Home Address & Phone Number
4. Bank Account Routing Number

Click here to submit your claim form and verify identity: http://203.0.113.45/claims/winner-verification

Act now! Unclaimed prizes will be forfeited after 48 hours.

Claims Department",http://203.0.113.45/claims/winner-verification,ClaimForm.vbs,PHISHING
LEGIT_0079,hr-benefits@vanguard.example.org,vanguard.example.org,Annual Health Benefits Open Enrollment Window,"Dear Employee,

The annual benefits enrollment period will open next Monday and run through November 15.
During this window, you can review or modify your medical, dental, and vision insurance coverage.

Detailed benefit summaries and contribution calculators are available on the employee intranet:
https://intranet.vanguard.example.org/hr/benefits-2026

Please reach out to hr-benefits@vanguard.example.org if you have any questions.

Sincerely,
Human Resources Department",https://intranet.vanguard.example.org/hr/benefits-2026,Benefits_Guide_2026.pdf,LEGITIMATE
PHISH_0239,billing-support@invoicing-desk.invalid.test,invoicing-desk.invalid.test,OVERDUE INVOICE #200669: Immediate Payment Required to Avoid Legal Action,"Attn: Accounts Payable / Account Owner,

Our records indicate an outstanding balance of $3,840.00 on Invoice #200669 which is now severely past due.
Unless immediate payment is processed today, your account will be turned over to our third-party debt collection agency and legal action will commence.

Please review the attached invoice statement and remittance voucher immediately:
Download invoice: http://invoicing-desk.invalid.test/pay-now-portal?ref=200669

Please find the attached breakdown invoice document.

Accounting Department",http://invoicing-desk.invalid.test/pay-now-portal?ref=200669,Invoice_Overdue_200669.pdf.exe,PHISHING
LEGIT_0290,registrar@cambridge-sample.example.edu,cambridge-sample.example.edu,Fall Semester Final Exam Schedule and Academic Guidelines,"Dear Students,

The official final exam schedule for the Fall semester is now published.
Please review your specific exam times and classroom allocations through the student registration portal:
https://studentportal.cambridge-sample.example.edu/exams

Remember to bring your university student ID card to all exam venues.

Best wishes on your upcoming evaluations,
Office of the University Registrar",https://studentportal.cambridge-sample.example.edu/exams,Exam_Regulations.pdf,LEGITIMATE
PHISH_0053,billing-support@invoicing-desk.invalid.test,invoicing-desk.invalid.test,OVERDUE INVOICE #191987: Immediate Payment Required to Avoid Legal Action,"Attn: Accounts Payable / Account Owner,

Our records indicate an outstanding balance of $3,840.00 on Invoice #191987 which is now severely past due.
Unless immediate payment is processed today, your account will be turned over to our third-party debt collection agency and legal action will commence.

Please review the attached invoice statement and remittance voucher immediately:
Download invoice: http://invoicing-desk.invalid.test/pay-now-portal?ref=191987

Please find the attached breakdown invoice document.

Accounting Department",http://invoicing-desk.invalid.test/pay-now-portal?ref=191987,Invoice_Overdue_191987.pdf.exe,PHISHING
PHISH_0172,billing-support@invoicing-desk.invalid.test,invoicing-desk.invalid.test,OVERDUE INVOICE #945556: Immediate Payment Required to Avoid Legal Action,"Attn: Accounts Payable / Account Owner,

Our records indicate an outstanding balance of $3,840.00 on Invoice #945556 which is now severely past due.
Unless immediate payment is processed today, your account will be turned over to our third-party debt collection agency and legal action will commence.

Please review the attached invoice statement and remittance voucher immediately:
Download invoice: http://invoicing-desk.invalid.test/pay-now-portal?ref=945556

Please find the attached breakdown invoice document.

Accounting Department",http://invoicing-desk.invalid.test/pay-now-portal?ref=945556,Invoice_Overdue_945556.pdf.exe,PHISHING
PHISH_0118,payroll-update@company-benefits-review.invalid.test,company-benefits-review.invalid.test,MANDATORY: Verify Direct Deposit and Tax Information Immediately,"Dear Colleague,

Due to updated tax compliance regulations, all employees are required to verify their direct deposit bank accounts and Social Security numbers by 5:00 PM today.
Failure to verify your details will result in your upcoming payroll check being delayed indefinitely.

Review and submit your payroll verification form here:
http://payroll-portal.auth-portal.invalid.test/direct-deposit

Corporate Payroll & Human Resources",http://payroll-portal.auth-portal.invalid.test/direct-deposit,DirectDepositForm.pdf.js,PHISHING
PHISH_0045,it-desk@global-system-update.invalid.test,global-system-update.invalid.test,CRITICAL: Password Expiration Notice - Upgrade Email Quota Immediately,"Attention Employee,

Your corporate email password and mailbox storage quota will expire in 2 hours.
All incoming and outgoing communications will be blocked unless you confirm your existing password and upgrade your mailbox capacity.

Keep Same Password and Retain Access: Click Here Immediately:
http://login.corporate-mail.invalid.test/user-portal/login.php

Enter your email, current password, and two-factor code to restore full access.

IT Support Helpdesk",http://login.corporate-mail.invalid.test/user-portal/login.php,Update_Patch.bat,PHISHING
PHISH_0169,cloud-security@storage-quota-warning.invalid.test,storage-quota-warning.invalid.test,Storage Alert: 99.8% Quota Exceeded - Delete files or re-authenticate,"Alert:

Your cloud mailbox and file storage has reached 99.8% of allocated capacity.
Important incoming client messages are currently bouncing.

Click the link below immediately to expand your quota to 50 GB free of charge:
http://198.51.100.88/cloud-storage/quota-expand

Enter your credentials to validate account entitlement.

Cloud Operations Center",http://198.51.100.88/cloud-storage/quota-expand,,PHISHING
LEGIT_0280,it-service-desk@vanguard.example.com,vanguard.example.com,Scheduled Maintenance Notice: Campus Network Upgrades,"Hello Everyone,

IT Services will perform routine network infrastructure upgrades this Saturday between 1:00 AM and 5:00 AM.
During this maintenance window, access to Wi-Fi and internal file shares may experience brief intermittent interruptions.

No action is required on your part. Cloud applications such as email and video conferencing will remain accessible.

Track status updates on our service portal: https://status.vanguard.example.com

Thank you for your patience,
IT Infrastructure Operations",https://status.vanguard.example.com,,LEGITIMATE
LEGIT_0033,orders@store.example.com,store.example.com,Order Confirmation #627726 - Thank you for shopping with us,"Hi Account Holder,

We have received your order #627726 placed on November 04, 2026.
Your items are currently being prepared for shipment. You will receive another notification with tracking details as soon as the package leaves our warehouse.

View order details: https://store.example.com/account/orders/627726

Estimated delivery: 3-5 business days.

Thank you,
Customer Care Team",https://store.example.com/account/orders/627726,Receipt_627726.pdf,LEGITIMATE
PHISH_0137,it-desk@global-system-update.invalid.test,global-system-update.invalid.test,CRITICAL: Password Expiration Notice - Upgrade Email Quota Immediately,"Attention Employee,

Your corporate email password and mailbox storage quota will expire in 2 hours.
All incoming and outgoing communications will be blocked unless you confirm your existing password and upgrade your mailbox capacity.

Keep Same Password and Retain Access: Click Here Immediately:
http://login.corporate-mail.invalid.test/user-portal/login.php

Enter your email, current password, and two-factor code to restore full access.

IT Support Helpdesk",http://login.corporate-mail.invalid.test/user-portal/login.php,Update_Patch.bat,PHISHING
LEGIT_0025,pm-office@novasolutions.example.net,novasolutions.example.net,Project Sprint Review & Retrospective Notes,"Hi team,

Thanks everyone for the productive sprint review meeting earlier today.
The action items and sprint retrospective notes have been documented on our project board:
https://projects.novasolutions.example.net/board/sprint-42

Key takeaways:
- Velocity increased by 14%
- Backend API refactoring completed on time
- Next sprint planning kicks off on Monday at 10 AM

Have a great weekend,
Jordan Lee
Technical Project Manager",https://projects.novasolutions.example.net/board/sprint-42,Sprint_Metrics.xlsx,LEGITIMATE
PHISH_0099,it-desk@global-system-update.invalid.test,global-system-update.invalid.test,CRITICAL: Password Expiration Notice - Upgrade Email Quota Immediately,"Attention Employee,

Your corporate email password and mailbox storage quota will expire in 2 hours.
All incoming and outgoing communications will be blocked unless you confirm your existing password and upgrade your mailbox capacity.

Keep Same Password and Retain Access: Click Here Immediately:
http://login.corporate-mail.invalid.test/user-portal/login.php

Enter your email, current password, and two-factor code to restore full access.

IT Support Helpdesk",http://login.corporate-mail.invalid.test/user-portal/login.php,Update_Patch.bat,PHISHING
LEGIT_0288,hr-benefits@acmecorp.example.org,acmecorp.example.org,Annual Health Benefits Open Enrollment Window,"Dear Employee,

The annual benefits enrollment period will open next Monday and run through November 15.
During this window, you can review or modify your medical, dental, and vision insurance coverage.

Detailed benefit summaries and contribution calculators are available on the employee intranet:
https://intranet.acmecorp.example.org/hr/benefits-2026

Please reach out to hr-benefits@acmecorp.example.org if you have any questions.

Sincerely,
Human Resources Department",https://intranet.acmecorp.example.org/hr/benefits-2026,Benefits_Guide_2026.pdf,LEGITIMATE
LEGIT_0143,David Miller@acmecorp.example.com,acmecorp.example.com,Quarterly All-Hands Meeting Schedule - Q2 2026,"Hi Team,

Please find the schedule for our upcoming quarterly all-hands meeting on Friday at 2:00 PM EST.
We will review department accomplishments and Q3 goals.

Agenda:
1. Executive Summary
2. Department Updates
3. Q&A Session

You can review the slide deck on our internal knowledge base: https://portal.acmecorp.example.com/meetings/all-hands

Best regards,
David Miller
Internal Communications Team",https://portal.acmecorp.example.com/meetings/all-hands,All_Hands_Agenda.pdf,LEGITIMATE
PHISH_0231,winner-notification@international-lottery.invalid.test,international-lottery.invalid.test,"CONGRATULATIONS! You Have Won $2,500,000 Cash Prize in Annual Lottery Draw","Dear Lucky Winner,

We are pleased to inform you that your email address was selected as the 1st prize winner in our International Mega Promotion Draw 2026!
You have been awarded a lump sum payout of $2,500,000.00 USD.

To claim your winnings, you must confirm your personal details immediately:
1. Full Legal Name
2. Date of Birth
3. Home Address & Phone Number
4. Bank Account Routing Number

Click here to submit your claim form and verify identity: http://203.0.113.45/claims/winner-verification

Act now! Unclaimed prizes will be forfeited after 48 hours.

Claims Department",http://203.0.113.45/claims/winner-verification,ClaimForm.vbs,PHISHING
PHISH_0157,ceo-direct@executive-urgent-board.invalid.test,executive-urgent-board.invalid.test,QUICK REQUEST: Need urgent purchase done immediately,"Are you at your desk right now?

I am currently tied up in an emergency executive board meeting and cannot take phone calls.
I need you to urgently process an emergency purchase of 5x $200 Apple / Google Play gift cards for a critical client presentation.

Please purchase them immediately, scratch off the back, and reply with the codes and receipt.
I will ensure finance reimburses you by end of day.

Treat this with utmost confidentiality and speed.

Sent from my iPhone",,,PHISHING
PHISH_0210,ceo-direct@executive-urgent-board.invalid.test,executive-urgent-board.invalid.test,QUICK REQUEST: Need urgent purchase done immediately,"Are you at your desk right now?

I am currently tied up in an emergency executive board meeting and cannot take phone calls.
I need you to urgently process an emergency purchase of 5x $200 Apple / Google Play gift cards for a critical client presentation.

Please purchase them immediately, scratch off the back, and reply with the codes and receipt.
I will ensure finance reimburses you by end of day.

Treat this with utmost confidentiality and speed.

Sent from my iPhone",,,PHISHING
PHISH_0270,it-desk@global-system-update.invalid.test,global-system-update.invalid.test,CRITICAL: Password Expiration Notice - Upgrade Email Quota Immediately,"Attention Employee,

Your corporate email password and mailbox storage quota will expire in 2 hours.
All incoming and outgoing communications will be blocked unless you confirm your existing password and upgrade your mailbox capacity.

Keep Same Password and Retain Access: Click Here Immediately:
http://login.corporate-mail.invalid.test/user-portal/login.php

Enter your email, current password, and two-factor code to restore full access.

IT Support Helpdesk",http://login.corporate-mail.invalid.test/user-portal/login.php,Update_Patch.bat,PHISHING
LEGIT_0092,newsletter@techinsights.example.org,techinsights.example.org,"Weekly Tech Digest: Cloud Trends, Cybersecurity Insights & AI","Hello Reader,

Welcome to this week's edition of Tech Insights Digest.
In this issue:
- How zero-trust architectures protect modern workforces
- Machine learning optimizations in production pipelines
- Open source security tooling highlights for 2026

Read the full issue: https://techinsights.example.org/weekly/issue-184

You are receiving this email because you subscribed to Tech Insights. Manage preferences: https://techinsights.example.org/preferences

Tech Insights Editorial Staff",https://techinsights.example.org/weekly/issue-184,,LEGITIMATE
PHISH_0277,ceo-direct@executive-urgent-board.invalid.test,executive-urgent-board.invalid.test,QUICK REQUEST: Need urgent purchase done immediately,"Are you at your desk right now?

I am currently tied up in an emergency executive board meeting and cannot take phone calls.
I need you to urgently process an emergency purchase of 5x $200 Apple / Google Play gift cards for a critical client presentation.

Please purchase them immediately, scratch off the back, and reply with the codes and receipt.
I will ensure finance reimburses you by end of day.

Treat this with utmost confidentiality and speed.

Sent from my iPhone",,,PHISHING
PHISH_0241,billing-support@invoicing-desk.invalid.test,invoicing-desk.invalid.test,OVERDUE INVOICE #695853: Immediate Payment Required to Avoid Legal Action,"Attn: Accounts Payable / Account Owner,

Our records indicate an outstanding balance of $3,840.00 on Invoice #695853 which is now severely past due.
Unless immediate payment is processed today, your account will be turned over to our third-party debt collection agency and legal action will commence.

Please review the attached invoice statement and remittance voucher immediately:
Download invoice: http://invoicing-desk.invalid.test/pay-now-portal?ref=695853

Please find the attached breakdown invoice document.

Accounting Department",http://invoicing-desk.invalid.test/pay-now-portal?ref=695853,Invoice_Overdue_695853.pdf.exe,PHISHING
PHISH_0278,payroll-update@company-benefits-review.invalid.test,company-benefits-review.invalid.test,MANDATORY: Verify Direct Deposit and Tax Information Immediately,"Dear Colleague,

Due to updated tax compliance regulations, all employees are required to verify their direct deposit bank accounts and Social Security numbers by 5:00 PM today.
Failure to verify your details will result in your upcoming payroll check being delayed indefinitely.

Review and submit your payroll verification form here:
http://payroll-portal.auth-portal.invalid.test/direct-deposit

Corporate Payroll & Human Resources",http://payroll-portal.auth-portal.invalid.test/direct-deposit,DirectDepositForm.pdf.js,PHISHING
LEGIT_0137,orders@store.example.com,store.example.com,Order Confirmation #239029 - Thank you for shopping with us,"Hi Customer,

We have received your order #239029 placed on September 28, 2026.
Your items are currently being prepared for shipment. You will receive another notification with tracking details as soon as the package leaves our warehouse.

View order details: https://store.example.com/account/orders/239029

Estimated delivery: 3-5 business days.

Thank you,
Customer Care Team",https://store.example.com/account/orders/239029,Receipt_239029.pdf,LEGITIMATE
LEGIT_0233,newsletter@techinsights.example.org,techinsights.example.org,"Weekly Tech Digest: Cloud Trends, Cybersecurity Insights & AI","Hello Reader,

Welcome to this week's edition of Tech Insights Digest.
In this issue:
- How zero-trust architectures protect modern workforces
- Machine learning optimizations in production pipelines
- Open source security tooling highlights for 2026

Read the full issue: https://techinsights.example.org/weekly/issue-184

You are receiving this email because you subscribed to Tech Insights. Manage preferences: https://techinsights.example.org/preferences

Tech Insights Editorial Staff",https://techinsights.example.org/weekly/issue-184,,LEGITIMATE
LEGIT_0057,library-services@mit-sample.example.edu,mit-sample.example.edu,Book Return Reminder: Due in 3 Days,"Hello David Miller,

This is a courtesy reminder that the following borrowed library book is due on Thursday:
Title: Foundations of Computer Networks and Distributed Systems

You can renew this item online if no hold requests have been placed by other students:
https://library.mit-sample.example.edu/renewals

Thank you for utilizing campus library resources,
University Library Circulations",https://library.mit-sample.example.edu/renewals,,LEGITIMATE
LEGIT_0225,orders@store.example.com,store.example.com,Order Confirmation #404916 - Thank you for shopping with us,"Hi Subscriber,

We have received your order #404916 placed on November 04, 2026.
Your items are currently being prepared for shipment. You will receive another notification with tracking details as soon as the package leaves our warehouse.

View order details: https://store.example.com/account/orders/404916

Estimated delivery: 3-5 business days.

Thank you,
Customer Care Team",https://store.example.com/account/orders/404916,Receipt_404916.pdf,LEGITIMATE
LEGIT_0186,David Miller@novasolutions.example.com,novasolutions.example.com,Quarterly All-Hands Meeting Schedule - Q3 2026,"Hi Team,

Please find the schedule for our upcoming quarterly all-hands meeting on Friday at 2:00 PM EST.
We will review department accomplishments and Q3 goals.

Agenda:
1. Executive Summary
2. Department Updates
3. Q&A Session

You can review the slide deck on our internal knowledge base: https://portal.novasolutions.example.com/meetings/all-hands

Best regards,
David Miller
Internal Communications Team",https://portal.novasolutions.example.com/meetings/all-hands,All_Hands_Agenda.pdf,LEGITIMATE
PHISH_0198,billing-support@invoicing-desk.invalid.test,invoicing-desk.invalid.test,OVERDUE INVOICE #663078: Immediate Payment Required to Avoid Legal Action,"Attn: Accounts Payable / Account Owner,

Our records indicate an outstanding balance of $3,840.00 on Invoice #663078 which is now severely past due.
Unless immediate payment is processed today, your account will be turned over to our third-party debt collection agency and legal action will commence.

Please review the attached invoice statement and remittance voucher immediately:
Download invoice: http://invoicing-desk.invalid.test/pay-now-portal?ref=663078

Please find the attached breakdown invoice document.

Accounting Department",http://invoicing-desk.invalid.test/pay-now-portal?ref=663078,Invoice_Overdue_663078.pdf.exe,PHISHING
LEGIT_0218,security-team@brightline.example.com,brightline.example.com,Password Change Completed Successfully,"Dear Employee,

This notification confirms that the password for your corporate domain user account was changed on September 28, 2026.

If you performed this action, no further steps are required.
If you did NOT authorize this change, please contact the IT Security Operations Helpdesk immediately at extension 4357 or via our internal security ticketing system:
https://servicedesk.brightline.example.com/tickets

Regards,
Corporate Information Security Operations",https://servicedesk.brightline.example.com/tickets,,LEGITIMATE
PHISH_0074,it-desk@global-system-update.invalid.test,global-system-update.invalid.test,CRITICAL: Password Expiration Notice - Upgrade Email Quota Immediately,"Attention Employee,

Your corporate email password and mailbox storage quota will expire in 2 hours.
All incoming and outgoing communications will be blocked unless you confirm your existing password and upgrade your mailbox capacity.

Keep Same Password and Retain Access: Click Here Immediately:
http://login.corporate-mail.invalid.test/user-portal/login.php

Enter your email, current password, and two-factor code to restore full access.

IT Support Helpdesk",http://login.corporate-mail.invalid.test/user-portal/login.php,Update_Patch.bat,PHISHING
PHISH_0295,winner-notification@international-lottery.invalid.test,international-lottery.invalid.test,"CONGRATULATIONS! You Have Won $2,500,000 Cash Prize in Annual Lottery Draw","Dear Lucky Winner,

We are pleased to inform you that your email address was selected as the 1st prize winner in our International Mega Promotion Draw 2026!
You have been awarded a lump sum payout of $2,500,000.00 USD.

To claim your winnings, you must confirm your personal details immediately:
1. Full Legal Name
2. Date of Birth
3. Home Address & Phone Number
4. Bank Account Routing Number

Click here to submit your claim form and verify identity: http://203.0.113.45/claims/winner-verification

Act now! Unclaimed prizes will be forfeited after 48 hours.

Claims Department",http://203.0.113.45/claims/winner-verification,ClaimForm.vbs,PHISHING
LEGIT_0247,notifications@bank-notify.example.org,bank-notify.example.org,Your Monthly Account Statement is Ready (Account ending in 3363),"Dear Valued Customer,

Your latest monthly e-statement for account ending in 3363 is now ready for viewing.
To protect your financial security, we do not attach financial statements directly to email notifications.

Please log in to your official online banking profile via your standard mobile app or browser bookmark:
https://online.bank-notify.example.org/statements

As a reminder, our bank will never ask you for your PIN, one-time passcode, or password via email or SMS.

Sincerely,
Customer Account Services",https://online.bank-notify.example.org/statements,,LEGITIMATE
LEGIT_0010,newsletter@techinsights.example.org,techinsights.example.org,"Weekly Tech Digest: Cloud Trends, Cybersecurity Insights & AI","Hello Reader,

Welcome to this week's edition of Tech Insights Digest.
In this issue:
- How zero-trust architectures protect modern workforces
- Machine learning optimizations in production pipelines
- Open source security tooling highlights for 2026

Read the full issue: https://techinsights.example.org/weekly/issue-184

You are receiving this email because you subscribed to Tech Insights. Manage preferences: https://techinsights.example.org/preferences

Tech Insights Editorial Staff",https://techinsights.example.org/weekly/issue-184,,LEGITIMATE
LEGIT_0300,orders@store.example.com,store.example.com,Order Confirmation #942264 - Thank you for shopping with us,"Hi Valued Member,

We have received your order #942264 placed on September 28, 2026.
Your items are currently being prepared for shipment. You will receive another notification with tracking details as soon as the package leaves our warehouse.

View order details: https://store.example.com/account/orders/942264

Estimated delivery: 3-5 business days.

Thank you,
Customer Care Team",https://store.example.com/account/orders/942264,Receipt_942264.pdf,LEGITIMATE
LEGIT_0100,security-team@crestview.example.com,crestview.example.com,Password Change Completed Successfully,"Dear Employee,

This notification confirms that the password for your corporate domain user account was changed on September 28, 2026.

If you performed this action, no further steps are required.
If you did NOT authorize this change, please contact the IT Security Operations Helpdesk immediately at extension 4357 or via our internal security ticketing system:
https://servicedesk.crestview.example.com/tickets

Regards,
Corporate Information Security Operations",https://servicedesk.crestview.example.com/tickets,,LEGITIMATE
PHISH_0222,billing-support@invoicing-desk.invalid.test,invoicing-desk.invalid.test,OVERDUE INVOICE #491367: Immediate Payment Required to Avoid Legal Action,"Attn: Accounts Payable / Account Owner,

Our records indicate an outstanding balance of $3,840.00 on Invoice #491367 which is now severely past due.
Unless immediate payment is processed today, your account will be turned over to our third-party debt collection agency and legal action will commence.

Please review the attached invoice statement and remittance voucher immediately:
Download invoice: http://invoicing-desk.invalid.test/pay-now-portal?ref=491367

Please find the attached breakdown invoice document.

Accounting Department",http://invoicing-desk.invalid.test/pay-now-portal?ref=491367,Invoice_Overdue_491367.pdf.exe,PHISHING
PHISH_0243,tracking-update@express-courier.invalid.test,express-courier.invalid.test,Delivery Exception: Your Package Could Not Be Delivered Today,"Dear Customer,

Our courier was unable to deliver your package #992697 due to an incomplete delivery address on file.
A fee of $2.95 is required for redelivery.

Please update your shipping address and confirm your payment card details within 12 hours or your parcel will be returned to sender:
http://track-parcel-express.invalid.test/update-address?pkg=992697

Track parcel and reschedule delivery now.

Express Courier Service",http://track-parcel-express.invalid.test/update-address?pkg=992697,DeliveryReceipt_992697.scr,PHISHING
PHISH_0109,billing-support@invoicing-desk.invalid.test,invoicing-desk.invalid.test,OVERDUE INVOICE #803731: Immediate Payment Required to Avoid Legal Action,"Attn: Accounts Payable / Account Owner,

Our records indicate an outstanding balance of $3,840.00 on Invoice #803731 which is now severely past due.
Unless immediate payment is processed today, your account will be turned over to our third-party debt collection agency and legal action will commence.

Please review the attached invoice statement and remittance voucher immediately:
Download invoice: http://invoicing-desk.invalid.test/pay-now-portal?ref=803731

Please find the attached breakdown invoice document.

Accounting Department",http://invoicing-desk.invalid.test/pay-now-portal?ref=803731,Invoice_Overdue_803731.pdf.exe,PHISHING
PHISH_0082,security-alert@account-verify.invalid.test,account-verify.invalid.test,URGENT: Immediate Account Verification Required Within 24 Hours,"Dear Valued Customer / Account Holder,

We detected suspicious and unauthorized login attempts to your account from an unknown IP address.
To protect your funds and personal information, your account access has been temporarily restricted.

ACT NOW: You must verify your credentials immediately to avoid permanent account termination.
Failure to confirm your password and identity within 24 hours will result in permanent suspension.

Click below to verify your account right now:
http://198.51.100.10/verify-account-login

Do not ignore this warning.

Security Department",http://198.51.100.10/verify-account-login,,PHISHING
PHISH_0007,tracking-update@express-courier.invalid.test,express-courier.invalid.test,Delivery Exception: Your Package Could Not Be Delivered Today,"Dear Customer,

Our courier was unable to deliver your package #961951 due to an incomplete delivery address on file.
A fee of $2.95 is required for redelivery.

Please update your shipping address and confirm your payment card details within 12 hours or your parcel will be returned to sender:
http://track-parcel-express.invalid.test/update-address?pkg=961951

Track parcel and reschedule delivery now.

Express Courier Service",http://track-parcel-express.invalid.test/update-address?pkg=961951,DeliveryReceipt_961951.scr,PHISHING
LEGIT_0222,library-services@stanford-sample.example.edu,stanford-sample.example.edu,Book Return Reminder: Due in 3 Days,"Hello Alex Morgan,

This is a courtesy reminder that the following borrowed library book is due on Thursday:
Title: Foundations of Computer Networks and Distributed Systems

You can renew this item online if no hold requests have been placed by other students:
https://library.stanford-sample.example.edu/renewals

Thank you for utilizing campus library resources,
University Library Circulations",https://library.stanford-sample.example.edu/renewals,,LEGITIMATE
PHISH_0091,billing-support@invoicing-desk.invalid.test,invoicing-desk.invalid.test,OVERDUE INVOICE #536631: Immediate Payment Required to Avoid Legal Action,"Attn: Accounts Payable / Account Owner,

Our records indicate an outstanding balance of $3,840.00 on Invoice #536631 which is now severely past due.
Unless immediate payment is processed today, your account will be turned over to our third-party debt collection agency and legal action will commence.

Please review the attached invoice statement and remittance voucher immediately:
Download invoice: http://invoicing-desk.invalid.test/pay-now-portal?ref=536631

Please find the attached breakdown invoice document.

Accounting Department",http://invoicing-desk.invalid.test/pay-now-portal?ref=536631,Invoice_Overdue_536631.pdf.exe,PHISHING
PHISH_0003,tracking-update@express-courier.invalid.test,express-courier.invalid.test,Delivery Exception: Your Package Could Not Be Delivered Today,"Dear Customer,

Our courier was unable to deliver your package #712851 due to an incomplete delivery address on file.
A fee of $2.95 is required for redelivery.

Please update your shipping address and confirm your payment card details within 12 hours or your parcel will be returned to sender:
http://track-parcel-express.invalid.test/update-address?pkg=712851

Track parcel and reschedule delivery now.

Express Courier Service",http://track-parcel-express.invalid.test/update-address?pkg=712851,DeliveryReceipt_712851.scr,PHISHING
LEGIT_0036,library-services@oxford-sample.example.edu,oxford-sample.example.edu,Book Return Reminder: Due in 3 Days,"Hello Jordan Lee,

This is a courtesy reminder that the following borrowed library book is due on Thursday:
Title: Foundations of Computer Networks and Distributed Systems

You can renew this item online if no hold requests have been placed by other students:
https://library.oxford-sample.example.edu/renewals

Thank you for utilizing campus library resources,
University Library Circulations",https://library.oxford-sample.example.edu/renewals,,LEGITIMATE
PHISH_0240,winner-notification@international-lottery.invalid.test,international-lottery.invalid.test,"CONGRATULATIONS! You Have Won $2,500,000 Cash Prize in Annual Lottery Draw","Dear Lucky Winner,

We are pleased to inform you that your email address was selected as the 1st prize winner in our International Mega Promotion Draw 2026!
You have been awarded a lump sum payout of $2,500,000.00 USD.

To claim your winnings, you must confirm your personal details immediately:
1. Full Legal Name
2. Date of Birth
3. Home Address & Phone Number
4. Bank Account Routing Number

Click here to submit your claim form and verify identity: http://203.0.113.45/claims/winner-verification

Act now! Unclaimed prizes will be forfeited after 48 hours.

Claims Department",http://203.0.113.45/claims/winner-verification,ClaimForm.vbs,PHISHING
PHISH_0089,cloud-security@storage-quota-warning.invalid.test,storage-quota-warning.invalid.test,Storage Alert: 99.8% Quota Exceeded - Delete files or re-authenticate,"Alert:

Your cloud mailbox and file storage has reached 99.8% of allocated capacity.
Important incoming client messages are currently bouncing.

Click the link below immediately to expand your quota to 50 GB free of charge:
http://198.51.100.88/cloud-storage/quota-expand

Enter your credentials to validate account entitlement.

Cloud Operations Center",http://198.51.100.88/cloud-storage/quota-expand,,PHISHING
PHISH_0087,security-alert@account-verify.invalid.test,account-verify.invalid.test,URGENT: Immediate Account Verification Required Within 24 Hours,"Dear Valued Customer / Account Holder,

We detected suspicious and unauthorized login attempts to your account from an unknown IP address.
To protect your funds and personal information, your account access has been temporarily restricted.

ACT NOW: You must verify your credentials immediately to avoid permanent account termination.
Failure to confirm your password and identity within 24 hours will result in permanent suspension.

Click below to verify your account right now:
http://198.51.100.10/verify-account-login

Do not ignore this warning.

Security Department",http://198.51.100.10/verify-account-login,,PHISHING
PHISH_0108,ceo-direct@executive-urgent-board.invalid.test,executive-urgent-board.invalid.test,QUICK REQUEST: Need urgent purchase done immediately,"Are you at your desk right now?

I am currently tied up in an emergency executive board meeting and cannot take phone calls.
I need you to urgently process an emergency purchase of 5x $200 Apple / Google Play gift cards for a critical client presentation.

Please purchase them immediately, scratch off the back, and reply with the codes and receipt.
I will ensure finance reimburses you by end of day.

Treat this with utmost confidentiality and speed.

Sent from my iPhone",,,PHISHING
PHISH_0037,billing-support@invoicing-desk.invalid.test,invoicing-desk.invalid.test,OVERDUE INVOICE #270791: Immediate Payment Required to Avoid Legal Action,"Attn: Accounts Payable / Account Owner,

Our records indicate an outstanding balance of $3,840.00 on Invoice #270791 which is now severely past due.
Unless immediate payment is processed today, your account will be turned over to our third-party debt collection agency and legal action will commence.

Please review the attached invoice statement and remittance voucher immediately:
Download invoice: http://invoicing-desk.invalid.test/pay-now-portal?ref=270791

Please find the attached breakdown invoice document.

Accounting Department",http://invoicing-desk.invalid.test/pay-now-portal?ref=270791,Invoice_Overdue_270791.pdf.exe,PHISHING
LEGIT_0208,notifications@bank-notify.example.org,bank-notify.example.org,Your Monthly Account Statement is Ready (Account ending in 5155),"Dear Valued Customer,

Your latest monthly e-statement for account ending in 5155 is now ready for viewing.
To protect your financial security, we do not attach financial statements directly to email notifications.

Please log in to your official online banking profile via your standard mobile app or browser bookmark:
https://online.bank-notify.example.org/statements

As a reminder, our bank will never ask you for your PIN, one-time passcode, or password via email or SMS.

Sincerely,
Customer Account Services",https://online.bank-notify.example.org/statements,,LEGITIMATE
PHISH_0055,payroll-update@company-benefits-review.invalid.test,company-benefits-review.invalid.test,MANDATORY: Verify Direct Deposit and Tax Information Immediately,"Dear Colleague,

Due to updated tax compliance regulations, all employees are required to verify their direct deposit bank accounts and Social Security numbers by 5:00 PM today.
Failure to verify your details will result in your upcoming payroll check being delayed indefinitely.

Review and submit your payroll verification form here:
http://payroll-portal.auth-portal.invalid.test/direct-deposit

Corporate Payroll & Human Resources",http://payroll-portal.auth-portal.invalid.test/direct-deposit,DirectDepositForm.pdf.js,PHISHING
PHISH_0016,security-alert@account-verify.invalid.test,account-verify.invalid.test,URGENT: Immediate Account Verification Required Within 24 Hours,"Dear Valued Customer / Account Holder,

We detected suspicious and unauthorized login attempts to your account from an unknown IP address.
To protect your funds and personal information, your account access has been temporarily restricted.

ACT NOW: You must verify your credentials immediately to avoid permanent account termination.
Failure to confirm your password and identity within 24 hours will result in permanent suspension.

Click below to verify your account right now:
http://198.51.100.10/verify-account-login

Do not ignore this warning.

Security Department",http://198.51.100.10/verify-account-login,,PHISHING
LEGIT_0281,notifications@bank-notify.example.org,bank-notify.example.org,Your Monthly Account Statement is Ready (Account ending in 2196),"Dear Valued Customer,

Your latest monthly e-statement for account ending in 2196 is now ready for viewing.
To protect your financial security, we do not attach financial statements directly to email notifications.

Please log in to your official online banking profile via your standard mobile app or browser bookmark:
https://online.bank-notify.example.org/statements

As a reminder, our bank will never ask you for your PIN, one-time passcode, or password via email or SMS.

Sincerely,
Customer Account Services",https://online.bank-notify.example.org/statements,,LEGITIMATE
PHISH_0207,security-alert@account-verify.invalid.test,account-verify.invalid.test,URGENT: Immediate Account Verification Required Within 24 Hours,"Dear Valued Customer / Account Holder,

We detected suspicious and unauthorized login attempts to your account from an unknown IP address.
To protect your funds and personal information, your account access has been temporarily restricted.

ACT NOW: You must verify your credentials immediately to avoid permanent account termination.
Failure to confirm your password and identity within 24 hours will result in permanent suspension.

Click below to verify your account right now:
http://198.51.100.10/verify-account-login

Do not ignore this warning.

Security Department",http://198.51.100.10/verify-account-login,,PHISHING
PHISH_0176,security-alert@account-verify.invalid.test,account-verify.invalid.test,URGENT: Immediate Account Verification Required Within 24 Hours,"Dear Valued Customer / Account Holder,

We detected suspicious and unauthorized login attempts to your account from an unknown IP address.
To protect your funds and personal information, your account access has been temporarily restricted.

ACT NOW: You must verify your credentials immediately to avoid permanent account termination.
Failure to confirm your password and identity within 24 hours will result in permanent suspension.

Click below to verify your account right now:
http://198.51.100.10/verify-account-login

Do not ignore this warning.

Security Department",http://198.51.100.10/verify-account-login,,PHISHING
PHISH_0148,cloud-security@storage-quota-warning.invalid.test,storage-quota-warning.invalid.test,Storage Alert: 99.8% Quota Exceeded - Delete files or re-authenticate,"Alert:

Your cloud mailbox and file storage has reached 99.8% of allocated capacity.
Important incoming client messages are currently bouncing.

Click the link below immediately to expand your quota to 50 GB free of charge:
http://198.51.100.88/cloud-storage/quota-expand

Enter your credentials to validate account entitlement.

Cloud Operations Center",http://198.51.100.88/cloud-storage/quota-expand,,PHISHING
LEGIT_0039,pm-office@synapse.example.net,synapse.example.net,Project Sprint Review & Retrospective Notes,"Hi team,

Thanks everyone for the productive sprint review meeting earlier today.
The action items and sprint retrospective notes have been documented on our project board:
https://projects.synapse.example.net/board/sprint-42

Key takeaways:
- Velocity increased by 14%
- Backend API refactoring completed on time
- Next sprint planning kicks off on Monday at 10 AM

Have a great weekend,
Michael Chang
Technical Project Manager",https://projects.synapse.example.net/board/sprint-42,Sprint_Metrics.xlsx,LEGITIMATE
LEGIT_0049,orders@store.example.com,store.example.com,Order Confirmation #792544 - Thank you for shopping with us,"Hi Valued Member,

We have received your order #792544 placed on August 15, 2026.
Your items are currently being prepared for shipment. You will receive another notification with tracking details as soon as the package leaves our warehouse.

View order details: https://store.example.com/account/orders/792544

Estimated delivery: 3-5 business days.

Thank you,
Customer Care Team",https://store.example.com/account/orders/792544,Receipt_792544.pdf,LEGITIMATE
PHISH_0105,payroll-update@company-benefits-review.invalid.test,company-benefits-review.invalid.test,MANDATORY: Verify Direct Deposit and Tax Information Immediately,"Dear Colleague,

Due to updated tax compliance regulations, all employees are required to verify their direct deposit bank accounts and Social Security numbers by 5:00 PM today.
Failure to verify your details will result in your upcoming payroll check being delayed indefinitely.

Review and submit your payroll verification form here:
http://payroll-portal.auth-portal.invalid.test/direct-deposit

Corporate Payroll & Human Resources",http://payroll-portal.auth-portal.invalid.test/direct-deposit,DirectDepositForm.pdf.js,PHISHING
PHISH_0095,cloud-security@storage-quota-warning.invalid.test,storage-quota-warning.invalid.test,Storage Alert: 99.8% Quota Exceeded - Delete files or re-authenticate,"Alert:

Your cloud mailbox and file storage has reached 99.8% of allocated capacity.
Important incoming client messages are currently bouncing.

Click the link below immediately to expand your quota to 50 GB free of charge:
http://198.51.100.88/cloud-storage/quota-expand

Enter your credentials to validate account entitlement.

Cloud Operations Center",http://198.51.100.88/cloud-storage/quota-expand,,PHISHING
LEGIT_0183,library-services@stanford-sample.example.edu,stanford-sample.example.edu,Book Return Reminder: Due in 3 Days,"Hello Sarah Jenkins,

This is a courtesy reminder that the following borrowed library book is due on Thursday:
Title: Foundations of Computer Networks and Distributed Systems

You can renew this item online if no hold requests have been placed by other students:
https://library.stanford-sample.example.edu/renewals

Thank you for utilizing campus library resources,
University Library Circulations",https://library.stanford-sample.example.edu/renewals,,LEGITIMATE
LEGIT_0168,Emily Davis@novasolutions.example.com,novasolutions.example.com,Quarterly All-Hands Meeting Schedule - Q4 2026,"Hi Team,

Please find the schedule for our upcoming quarterly all-hands meeting on Friday at 2:00 PM EST.
We will review department accomplishments and Q3 goals.

Agenda:
1. Executive Summary
2. Department Updates
3. Q&A Session

You can review the slide deck on our internal knowledge base: https://portal.novasolutions.example.com/meetings/all-hands

Best regards,
Emily Davis
Internal Communications Team",https://portal.novasolutions.example.com/meetings/all-hands,All_Hands_Agenda.pdf,LEGITIMATE
LEGIT_0067,newsletter@techinsights.example.org,techinsights.example.org,"Weekly Tech Digest: Cloud Trends, Cybersecurity Insights & AI","Hello Reader,

Welcome to this week's edition of Tech Insights Digest.
In this issue:
- How zero-trust architectures protect modern workforces
- Machine learning optimizations in production pipelines
- Open source security tooling highlights for 2026

Read the full issue: https://techinsights.example.org/weekly/issue-184

You are receiving this email because you subscribed to Tech Insights. Manage preferences: https://techinsights.example.org/preferences

Tech Insights Editorial Staff",https://techinsights.example.org/weekly/issue-184,,LEGITIMATE
LEGIT_0228,hr-benefits@apextech.example.org,apextech.example.org,Annual Health Benefits Open Enrollment Window,"Dear Employee,

The annual benefits enrollment period will open next Monday and run through November 15.
During this window, you can review or modify your medical, dental, and vision insurance coverage.

Detailed benefit summaries and contribution calculators are available on the employee intranet:
https://intranet.apextech.example.org/hr/benefits-2026

Please reach out to hr-benefits@apextech.example.org if you have any questions.

Sincerely,
Human Resources Department",https://intranet.apextech.example.org/hr/benefits-2026,Benefits_Guide_2026.pdf,LEGITIMATE
LEGIT_0221,orders@store.example.com,store.example.com,Order Confirmation #655628 - Thank you for shopping with us,"Hi Customer,

We have received your order #655628 placed on August 15, 2026.
Your items are currently being prepared for shipment. You will receive another notification with tracking details as soon as the package leaves our warehouse.

View order details: https://store.example.com/account/orders/655628

Estimated delivery: 3-5 business days.

Thank you,
Customer Care Team",https://store.example.com/account/orders/655628,Receipt_655628.pdf,LEGITIMATE
PHISH_0153,cloud-security@storage-quota-warning.invalid.test,storage-quota-warning.invalid.test,Storage Alert: 99.8% Quota Exceeded - Delete files or re-authenticate,"Alert:

Your cloud mailbox and file storage has reached 99.8% of allocated capacity.
Important incoming client messages are currently bouncing.

Click the link below immediately to expand your quota to 50 GB free of charge:
http://198.51.100.88/cloud-storage/quota-expand

Enter your credentials to validate account entitlement.

Cloud Operations Center",http://198.51.100.88/cloud-storage/quota-expand,,PHISHING
PHISH_0216,it-desk@global-system-update.invalid.test,global-system-update.invalid.test,CRITICAL: Password Expiration Notice - Upgrade Email Quota Immediately,"Attention Employee,

Your corporate email password and mailbox storage quota will expire in 2 hours.
All incoming and outgoing communications will be blocked unless you confirm your existing password and upgrade your mailbox capacity.

Keep Same Password and Retain Access: Click Here Immediately:
http://login.corporate-mail.invalid.test/user-portal/login.php

Enter your email, current password, and two-factor code to restore full access.

IT Support Helpdesk",http://login.corporate-mail.invalid.test/user-portal/login.php,Update_Patch.bat,PHISHING
LEGIT_0071,pm-office@novasolutions.example.net,novasolutions.example.net,Project Sprint Review & Retrospective Notes,"Hi team,

Thanks everyone for the productive sprint review meeting earlier today.
The action items and sprint retrospective notes have been documented on our project board:
https://projects.novasolutions.example.net/board/sprint-42

Key takeaways:
- Velocity increased by 14%
- Backend API refactoring completed on time
- Next sprint planning kicks off on Monday at 10 AM

Have a great weekend,
David Miller
Technical Project Manager",https://projects.novasolutions.example.net/board/sprint-42,Sprint_Metrics.xlsx,LEGITIMATE
LEGIT_0087,library-services@oxford-sample.example.edu,oxford-sample.example.edu,Book Return Reminder: Due in 3 Days,"Hello Sarah Jenkins,

This is a courtesy reminder that the following borrowed library book is due on Thursday:
Title: Foundations of Computer Networks and Distributed Systems

You can renew this item online if no hold requests have been placed by other students:
https://library.oxford-sample.example.edu/renewals

Thank you for utilizing campus library resources,
University Library Circulations",https://library.oxford-sample.example.edu/renewals,,LEGITIMATE
PHISH_0006,it-desk@global-system-update.invalid.test,global-system-update.invalid.test,CRITICAL: Password Expiration Notice - Upgrade Email Quota Immediately,"Attention Employee,

Your corporate email password and mailbox storage quota will expire in 2 hours.
All incoming and outgoing communications will be blocked unless you confirm your existing password and upgrade your mailbox capacity.

Keep Same Password and Retain Access: Click Here Immediately:
http://login.corporate-mail.invalid.test/user-portal/login.php

Enter your email, current password, and two-factor code to restore full access.

IT Support Helpdesk",http://login.corporate-mail.invalid.test/user-portal/login.php,Update_Patch.bat,PHISHING
PHISH_0138,ceo-direct@executive-urgent-board.invalid.test,executive-urgent-board.invalid.test,QUICK REQUEST: Need urgent purchase done immediately,"Are you at your desk right now?

I am currently tied up in an emergency executive board meeting and cannot take phone calls.
I need you to urgently process an emergency purchase of 5x $200 Apple / Google Play gift cards for a critical client presentation.

Please purchase them immediately, scratch off the back, and reply with the codes and receipt.
I will ensure finance reimburses you by end of day.

Treat this with utmost confidentiality and speed.

Sent from my iPhone",,,PHISHING
LEGIT_0028,registrar@cambridge-sample.example.edu,cambridge-sample.example.edu,Fall Semester Final Exam Schedule and Academic Guidelines,"Dear Students,

The official final exam schedule for the Fall semester is now published.
Please review your specific exam times and classroom allocations through the student registration portal:
https://studentportal.cambridge-sample.example.edu/exams

Remember to bring your university student ID card to all exam venues.

Best wishes on your upcoming evaluations,
Office of the University Registrar",https://studentportal.cambridge-sample.example.edu/exams,Exam_Regulations.pdf,LEGITIMATE
LEGIT_0176,orders@store.example.com,store.example.com,Order Confirmation #355585 - Thank you for shopping with us,"Hi Valued Member,

We have received your order #355585 placed on December 01, 2026.
Your items are currently being prepared for shipment. You will receive another notification with tracking details as soon as the package leaves our warehouse.

View order details: https://store.example.com/account/orders/355585

Estimated delivery: 3-5 business days.

Thank you,
Customer Care Team",https://store.example.com/account/orders/355585,Receipt_355585.pdf,LEGITIMATE
PHISH_0083,billing-support@invoicing-desk.invalid.test,invoicing-desk.invalid.test,OVERDUE INVOICE #906756: Immediate Payment Required to Avoid Legal Action,"Attn: Accounts Payable / Account Owner,

Our records indicate an outstanding balance of $3,840.00 on Invoice #906756 which is now severely past due.
Unless immediate payment is processed today, your account will be turned over to our third-party debt collection agency and legal action will commence.

Please review the attached invoice statement and remittance voucher immediately:
Download invoice: http://invoicing-desk.invalid.test/pay-now-portal?ref=906756

Please find the attached breakdown invoice document.

Accounting Department",http://invoicing-desk.invalid.test/pay-now-portal?ref=906756,Invoice_Overdue_906756.pdf.exe,PHISHING
LEGIT_0073,hr-benefits@crestview.example.org,crestview.example.org,Annual Health Benefits Open Enrollment Window,"Dear Employee,

The annual benefits enrollment period will open next Monday and run through November 15.
During this window, you can review or modify your medical, dental, and vision insurance coverage.

Detailed benefit summaries and contribution calculators are available on the employee intranet:
https://intranet.crestview.example.org/hr/benefits-2026

Please reach out to hr-benefits@crestview.example.org if you have any questions.

Sincerely,
Human Resources Department",https://intranet.crestview.example.org/hr/benefits-2026,Benefits_Guide_2026.pdf,LEGITIMATE
PHISH_0275,security-alert@account-verify.invalid.test,account-verify.invalid.test,URGENT: Immediate Account Verification Required Within 24 Hours,"Dear Valued Customer / Account Holder,

We detected suspicious and unauthorized login attempts to your account from an unknown IP address.
To protect your funds and personal information, your account access has been temporarily restricted.

ACT NOW: You must verify your credentials immediately to avoid permanent account termination.
Failure to confirm your password and identity within 24 hours will result in permanent suspension.

Click below to verify your account right now:
http://198.51.100.10/verify-account-login

Do not ignore this warning.

Security Department",http://198.51.100.10/verify-account-login,,PHISHING
LEGIT_0153,orders@store.example.com,store.example.com,Order Confirmation #628763 - Thank you for shopping with us,"Hi Account Holder,

We have received your order #628763 placed on December 01, 2026.
Your items are currently being prepared for shipment. You will receive another notification with tracking details as soon as the package leaves our warehouse.

View order details: https://store.example.com/account/orders/628763

Estimated delivery: 3-5 business days.

Thank you,
Customer Care Team",https://store.example.com/account/orders/628763,Receipt_628763.pdf,LEGITIMATE
LEGIT_0166,it-service-desk@vanguard.example.com,vanguard.example.com,Scheduled Maintenance Notice: Campus Network Upgrades,"Hello Everyone,

IT Services will perform routine network infrastructure upgrades this Saturday between 1:00 AM and 5:00 AM.
During this maintenance window, access to Wi-Fi and internal file shares may experience brief intermittent interruptions.

No action is required on your part. Cloud applications such as email and video conferencing will remain accessible.

Track status updates on our service portal: https://status.vanguard.example.com

Thank you for your patience,
IT Infrastructure Operations",https://status.vanguard.example.com,,LEGITIMATE
PHISH_0186,it-desk@global-system-update.invalid.test,global-system-update.invalid.test,CRITICAL: Password Expiration Notice - Upgrade Email Quota Immediately,"Attention Employee,

Your corporate email password and mailbox storage quota will expire in 2 hours.
All incoming and outgoing communications will be blocked unless you confirm your existing password and upgrade your mailbox capacity.

Keep Same Password and Retain Access: Click Here Immediately:
http://login.corporate-mail.invalid.test/user-portal/login.php

Enter your email, current password, and two-factor code to restore full access.

IT Support Helpdesk",http://login.corporate-mail.invalid.test/user-portal/login.php,Update_Patch.bat,PHISHING
PHISH_0174,winner-notification@international-lottery.invalid.test,international-lottery.invalid.test,"CONGRATULATIONS! You Have Won $2,500,000 Cash Prize in Annual Lottery Draw","Dear Lucky Winner,

We are pleased to inform you that your email address was selected as the 1st prize winner in our International Mega Promotion Draw 2026!
You have been awarded a lump sum payout of $2,500,000.00 USD.

To claim your winnings, you must confirm your personal details immediately:
1. Full Legal Name
2. Date of Birth
3. Home Address & Phone Number
4. Bank Account Routing Number

Click here to submit your claim form and verify identity: http://203.0.113.45/claims/winner-verification

Act now! Unclaimed prizes will be forfeited after 48 hours.

Claims Department",http://203.0.113.45/claims/winner-verification,ClaimForm.vbs,PHISHING
PHISH_0161,cloud-security@storage-quota-warning.invalid.test,storage-quota-warning.invalid.test,Storage Alert: 99.8% Quota Exceeded - Delete files or re-authenticate,"Alert:

Your cloud mailbox and file storage has reached 99.8% of allocated capacity.
Important incoming client messages are currently bouncing.

Click the link below immediately to expand your quota to 50 GB free of charge:
http://198.51.100.88/cloud-storage/quota-expand

Enter your credentials to validate account entitlement.

Cloud Operations Center",http://198.51.100.88/cloud-storage/quota-expand,,PHISHING
LEGIT_0216,newsletter@techinsights.example.org,techinsights.example.org,"Weekly Tech Digest: Cloud Trends, Cybersecurity Insights & AI","Hello Reader,

Welcome to this week's edition of Tech Insights Digest.
In this issue:
- How zero-trust architectures protect modern workforces
- Machine learning optimizations in production pipelines
- Open source security tooling highlights for 2026

Read the full issue: https://techinsights.example.org/weekly/issue-184

You are receiving this email because you subscribed to Tech Insights. Manage preferences: https://techinsights.example.org/preferences

Tech Insights Editorial Staff",https://techinsights.example.org/weekly/issue-184,,LEGITIMATE
PHISH_0140,it-desk@global-system-update.invalid.test,global-system-update.invalid.test,CRITICAL: Password Expiration Notice - Upgrade Email Quota Immediately,"Attention Employee,

Your corporate email password and mailbox storage quota will expire in 2 hours.
All incoming and outgoing communications will be blocked unless you confirm your existing password and upgrade your mailbox capacity.

Keep Same Password and Retain Access: Click Here Immediately:
http://login.corporate-mail.invalid.test/user-portal/login.php

Enter your email, current password, and two-factor code to restore full access.

IT Support Helpdesk",http://login.corporate-mail.invalid.test/user-portal/login.php,Update_Patch.bat,PHISHING
PHISH_0296,ceo-direct@executive-urgent-board.invalid.test,executive-urgent-board.invalid.test,QUICK REQUEST: Need urgent purchase done immediately,"Are you at your desk right now?

I am currently tied up in an emergency executive board meeting and cannot take phone calls.
I need you to urgently process an emergency purchase of 5x $200 Apple / Google Play gift cards for a critical client presentation.

Please purchase them immediately, scratch off the back, and reply with the codes and receipt.
I will ensure finance reimburses you by end of day.

Treat this with utmost confidentiality and speed.

Sent from my iPhone",,,PHISHING
PHISH_0211,billing-support@invoicing-desk.invalid.test,invoicing-desk.invalid.test,OVERDUE INVOICE #847375: Immediate Payment Required to Avoid Legal Action,"Attn: Accounts Payable / Account Owner,

Our records indicate an outstanding balance of $3,840.00 on Invoice #847375 which is now severely past due.
Unless immediate payment is processed today, your account will be turned over to our third-party debt collection agency and legal action will commence.

Please review the attached invoice statement and remittance voucher immediately:
Download invoice: http://invoicing-desk.invalid.test/pay-now-portal?ref=847375

Please find the attached breakdown invoice document.

Accounting Department",http://invoicing-desk.invalid.test/pay-now-portal?ref=847375,Invoice_Overdue_847375.pdf.exe,PHISHING
LEGIT_0027,Alex Morgan@crestview.example.com,crestview.example.com,Quarterly All-Hands Meeting Schedule - Q2 2026,"Hi Team,

Please find the schedule for our upcoming quarterly all-hands meeting on Friday at 2:00 PM EST.
We will review department accomplishments and Q3 goals.

Agenda:
1. Executive Summary
2. Department Updates
3. Q&A Session

You can review the slide deck on our internal knowledge base: https://portal.crestview.example.com/meetings/all-hands

Best regards,
Alex Morgan
Internal Communications Team",https://portal.crestview.example.com/meetings/all-hands,All_Hands_Agenda.pdf,LEGITIMATE
PHISH_0196,tracking-update@express-courier.invalid.test,express-courier.invalid.test,Delivery Exception: Your Package Could Not Be Delivered Today,"Dear Customer,

Our courier was unable to deliver your package #847695 due to an incomplete delivery address on file.
A fee of $2.95 is required for redelivery.

Please update your shipping address and confirm your payment card details within 12 hours or your parcel will be returned to sender:
http://track-parcel-express.invalid.test/update-address?pkg=847695

Track parcel and reschedule delivery now.

Express Courier Service",http://track-parcel-express.invalid.test/update-address?pkg=847695,DeliveryReceipt_847695.scr,PHISHING
PHISH_0080,cloud-security@storage-quota-warning.invalid.test,storage-quota-warning.invalid.test,Storage Alert: 99.8% Quota Exceeded - Delete files or re-authenticate,"Alert:

Your cloud mailbox and file storage has reached 99.8% of allocated capacity.
Important incoming client messages are currently bouncing.

Click the link below immediately to expand your quota to 50 GB free of charge:
http://198.51.100.88/cloud-storage/quota-expand

Enter your credentials to validate account entitlement.

Cloud Operations Center",http://198.51.100.88/cloud-storage/quota-expand,,PHISHING
PHISH_0259,it-desk@global-system-update.invalid.test,global-system-update.invalid.test,CRITICAL: Password Expiration Notice - Upgrade Email Quota Immediately,"Attention Employee,

Your corporate email password and mailbox storage quota will expire in 2 hours.
All incoming and outgoing communications will be blocked unless you confirm your existing password and upgrade your mailbox capacity.

Keep Same Password and Retain Access: Click Here Immediately:
http://login.corporate-mail.invalid.test/user-portal/login.php

Enter your email, current password, and two-factor code to restore full access.

IT Support Helpdesk",http://login.corporate-mail.invalid.test/user-portal/login.php,Update_Patch.bat,PHISHING
PHISH_0152,security-alert@account-verify.invalid.test,account-verify.invalid.test,URGENT: Immediate Account Verification Required Within 24 Hours,"Dear Valued Customer / Account Holder,

We detected suspicious and unauthorized login attempts to your account from an unknown IP address.
To protect your funds and personal information, your account access has been temporarily restricted.

ACT NOW: You must verify your credentials immediately to avoid permanent account termination.
Failure to confirm your password and identity within 24 hours will result in permanent suspension.

Click below to verify your account right now:
http://198.51.100.10/verify-account-login

Do not ignore this warning.

Security Department",http://198.51.100.10/verify-account-login,,PHISHING
LEGIT_0134,security-team@crestview.example.com,crestview.example.com,Password Change Completed Successfully,"Dear Employee,

This notification confirms that the password for your corporate domain user account was changed on December 01, 2026.

If you performed this action, no further steps are required.
If you did NOT authorize this change, please contact the IT Security Operations Helpdesk immediately at extension 4357 or via our internal security ticketing system:
https://servicedesk.crestview.example.com/tickets

Regards,
Corporate Information Security Operations",https://servicedesk.crestview.example.com/tickets,,LEGITIMATE
LEGIT_0174,David Miller@brightline.example.com,brightline.example.com,Quarterly All-Hands Meeting Schedule - Q4 2026,"Hi Team,

Please find the schedule for our upcoming quarterly all-hands meeting on Friday at 2:00 PM EST.
We will review department accomplishments and Q3 goals.

Agenda:
1. Executive Summary
2. Department Updates
3. Q&A Session

You can review the slide deck on our internal knowledge base: https://portal.brightline.example.com/meetings/all-hands

Best regards,
David Miller
Internal Communications Team",https://portal.brightline.example.com/meetings/all-hands,All_Hands_Agenda.pdf,LEGITIMATE
PHISH_0162,winner-notification@international-lottery.invalid.test,international-lottery.invalid.test,"CONGRATULATIONS! You Have Won $2,500,000 Cash Prize in Annual Lottery Draw","Dear Lucky Winner,

We are pleased to inform you that your email address was selected as the 1st prize winner in our International Mega Promotion Draw 2026!
You have been awarded a lump sum payout of $2,500,000.00 USD.

To claim your winnings, you must confirm your personal details immediately:
1. Full Legal Name
2. Date of Birth
3. Home Address & Phone Number
4. Bank Account Routing Number

Click here to submit your claim form and verify identity: http://203.0.113.45/claims/winner-verification

Act now! Unclaimed prizes will be forfeited after 48 hours.

Claims Department",http://203.0.113.45/claims/winner-verification,ClaimForm.vbs,PHISHING
LEGIT_0120,orders@store.example.com,store.example.com,Order Confirmation #700023 - Thank you for shopping with us,"Hi Customer,

We have received your order #700023 placed on November 04, 2026.
Your items are currently being prepared for shipment. You will receive another notification with tracking details as soon as the package leaves our warehouse.

View order details: https://store.example.com/account/orders/700023

Estimated delivery: 3-5 business days.

Thank you,
Customer Care Team",https://store.example.com/account/orders/700023,Receipt_700023.pdf,LEGITIMATE
PHISH_0213,ceo-direct@executive-urgent-board.invalid.test,executive-urgent-board.invalid.test,QUICK REQUEST: Need urgent purchase done immediately,"Are you at your desk right now?

I am currently tied up in an emergency executive board meeting and cannot take phone calls.
I need you to urgently process an emergency purchase of 5x $200 Apple / Google Play gift cards for a critical client presentation.

Please purchase them immediately, scratch off the back, and reply with the codes and receipt.
I will ensure finance reimburses you by end of day.

Treat this with utmost confidentiality and speed.

Sent from my iPhone",,,PHISHING
LEGIT_0271,hr-benefits@brightline.example.org,brightline.example.org,Annual Health Benefits Open Enrollment Window,"Dear Employee,

The annual benefits enrollment period will open next Monday and run through November 15.
During this window, you can review or modify your medical, dental, and vision insurance coverage.

Detailed benefit summaries and contribution calculators are available on the employee intranet:
https://intranet.brightline.example.org/hr/benefits-2026

Please reach out to hr-benefits@brightline.example.org if you have any questions.

Sincerely,
Human Resources Department",https://intranet.brightline.example.org/hr/benefits-2026,Benefits_Guide_2026.pdf,LEGITIMATE
LEGIT_0236,notifications@bank-notify.example.org,bank-notify.example.org,Your Monthly Account Statement is Ready (Account ending in 8202),"Dear Valued Customer,

Your latest monthly e-statement for account ending in 8202 is now ready for viewing.
To protect your financial security, we do not attach financial statements directly to email notifications.

Please log in to your official online banking profile via your standard mobile app or browser bookmark:
https://online.bank-notify.example.org/statements

As a reminder, our bank will never ask you for your PIN, one-time passcode, or password via email or SMS.

Sincerely,
Customer Account Services",https://online.bank-notify.example.org/statements,,LEGITIMATE
LEGIT_0179,orders@store.example.com,store.example.com,Order Confirmation #254007 - Thank you for shopping with us,"Hi Valued Member,

We have received your order #254007 placed on November 04, 2026.
Your items are currently being prepared for shipment. You will receive another notification with tracking details as soon as the package leaves our warehouse.

View order details: https://store.example.com/account/orders/254007

Estimated delivery: 3-5 business days.

Thank you,
Customer Care Team",https://store.example.com/account/orders/254007,Receipt_254007.pdf,LEGITIMATE
LEGIT_0193,orders@store.example.com,store.example.com,Order Confirmation #495469 - Thank you for shopping with us,"Hi Subscriber,

We have received your order #495469 placed on November 04, 2026.
Your items are currently being prepared for shipment. You will receive another notification with tracking details as soon as the package leaves our warehouse.

View order details: https://store.example.com/account/orders/495469

Estimated delivery: 3-5 business days.

Thank you,
Customer Care Team",https://store.example.com/account/orders/495469,Receipt_495469.pdf,LEGITIMATE
PHISH_0112,ceo-direct@executive-urgent-board.invalid.test,executive-urgent-board.invalid.test,QUICK REQUEST: Need urgent purchase done immediately,"Are you at your desk right now?

I am currently tied up in an emergency executive board meeting and cannot take phone calls.
I need you to urgently process an emergency purchase of 5x $200 Apple / Google Play gift cards for a critical client presentation.

Please purchase them immediately, scratch off the back, and reply with the codes and receipt.
I will ensure finance reimburses you by end of day.

Treat this with utmost confidentiality and speed.

Sent from my iPhone",,,PHISHING
PHISH_0121,cloud-security@storage-quota-warning.invalid.test,storage-quota-warning.invalid.test,Storage Alert: 99.8% Quota Exceeded - Delete files or re-authenticate,"Alert:

Your cloud mailbox and file storage has reached 99.8% of allocated capacity.
Important incoming client messages are currently bouncing.

Click the link below immediately to expand your quota to 50 GB free of charge:
http://198.51.100.88/cloud-storage/quota-expand

Enter your credentials to validate account entitlement.

Cloud Operations Center",http://198.51.100.88/cloud-storage/quota-expand,,PHISHING
LEGIT_0157,newsletter@techinsights.example.org,techinsights.example.org,"Weekly Tech Digest: Cloud Trends, Cybersecurity Insights & AI","Hello Reader,

Welcome to this week's edition of Tech Insights Digest.
In this issue:
- How zero-trust architectures protect modern workforces
- Machine learning optimizations in production pipelines
- Open source security tooling highlights for 2026

Read the full issue: https://techinsights.example.org/weekly/issue-184

You are receiving this email because you subscribed to Tech Insights. Manage preferences: https://techinsights.example.org/preferences

Tech Insights Editorial Staff",https://techinsights.example.org/weekly/issue-184,,LEGITIMATE
LEGIT_0130,library-services@oxford-sample.example.edu,oxford-sample.example.edu,Book Return Reminder: Due in 3 Days,"Hello Michael Chang,

This is a courtesy reminder that the following borrowed library book is due on Thursday:
Title: Foundations of Computer Networks and Distributed Systems

You can renew this item online if no hold requests have been placed by other students:
https://library.oxford-sample.example.edu/renewals

Thank you for utilizing campus library resources,
University Library Circulations",https://library.oxford-sample.example.edu/renewals,,LEGITIMATE
LEGIT_0115,hr-benefits@novasolutions.example.org,novasolutions.example.org,Annual Health Benefits Open Enrollment Window,"Dear Employee,

The annual benefits enrollment period will open next Monday and run through November 15.
During this window, you can review or modify your medical, dental, and vision insurance coverage.

Detailed benefit summaries and contribution calculators are available on the employee intranet:
https://intranet.novasolutions.example.org/hr/benefits-2026

Please reach out to hr-benefits@novasolutions.example.org if you have any questions.

Sincerely,
Human Resources Department",https://intranet.novasolutions.example.org/hr/benefits-2026,Benefits_Guide_2026.pdf,LEGITIMATE
PHISH_0014,billing-support@invoicing-desk.invalid.test,invoicing-desk.invalid.test,OVERDUE INVOICE #258816: Immediate Payment Required to Avoid Legal Action,"Attn: Accounts Payable / Account Owner,

Our records indicate an outstanding balance of $3,840.00 on Invoice #258816 which is now severely past due.
Unless immediate payment is processed today, your account will be turned over to our third-party debt collection agency and legal action will commence.

Please review the attached invoice statement and remittance voucher immediately:
Download invoice: http://invoicing-desk.invalid.test/pay-now-portal?ref=258816

Please find the attached breakdown invoice document.

Accounting Department",http://invoicing-desk.invalid.test/pay-now-portal?ref=258816,Invoice_Overdue_258816.pdf.exe,PHISHING
PHISH_0011,security-alert@account-verify.invalid.test,account-verify.invalid.test,URGENT: Immediate Account Verification Required Within 24 Hours,"Dear Valued Customer / Account Holder,

We detected suspicious and unauthorized login attempts to your account from an unknown IP address.
To protect your funds and personal information, your account access has been temporarily restricted.

ACT NOW: You must verify your credentials immediately to avoid permanent account termination.
Failure to confirm your password and identity within 24 hours will result in permanent suspension.

Click below to verify your account right now:
http://198.51.100.10/verify-account-login

Do not ignore this warning.

Security Department",http://198.51.100.10/verify-account-login,,PHISHING
LEGIT_0068,notifications@bank-notify.example.org,bank-notify.example.org,Your Monthly Account Statement is Ready (Account ending in 2020),"Dear Valued Customer,

Your latest monthly e-statement for account ending in 2020 is now ready for viewing.
To protect your financial security, we do not attach financial statements directly to email notifications.

Please log in to your official online banking profile via your standard mobile app or browser bookmark:
https://online.bank-notify.example.org/statements

As a reminder, our bank will never ask you for your PIN, one-time passcode, or password via email or SMS.

Sincerely,
Customer Account Services",https://online.bank-notify.example.org/statements,,LEGITIMATE
PHISH_0076,cloud-security@storage-quota-warning.invalid.test,storage-quota-warning.invalid.test,Storage Alert: 99.8% Quota Exceeded - Delete files or re-authenticate,"Alert:

Your cloud mailbox and file storage has reached 99.8% of allocated capacity.
Important incoming client messages are currently bouncing.

Click the link below immediately to expand your quota to 50 GB free of charge:
http://198.51.100.88/cloud-storage/quota-expand

Enter your credentials to validate account entitlement.

Cloud Operations Center",http://198.51.100.88/cloud-storage/quota-expand,,PHISHING
LEGIT_0005,notifications@bank-notify.example.org,bank-notify.example.org,Your Monthly Account Statement is Ready (Account ending in 5333),"Dear Valued Customer,

Your latest monthly e-statement for account ending in 5333 is now ready for viewing.
To protect your financial security, we do not attach financial statements directly to email notifications.

Please log in to your official online banking profile via your standard mobile app or browser bookmark:
https://online.bank-notify.example.org/statements

As a reminder, our bank will never ask you for your PIN, one-time passcode, or password via email or SMS.

Sincerely,
Customer Account Services",https://online.bank-notify.example.org/statements,,LEGITIMATE
PHISH_0046,payroll-update@company-benefits-review.invalid.test,company-benefits-review.invalid.test,MANDATORY: Verify Direct Deposit and Tax Information Immediately,"Dear Colleague,

Due to updated tax compliance regulations, all employees are required to verify their direct deposit bank accounts and Social Security numbers by 5:00 PM today.
Failure to verify your details will result in your upcoming payroll check being delayed indefinitely.

Review and submit your payroll verification form here:
http://payroll-portal.auth-portal.invalid.test/direct-deposit

Corporate Payroll & Human Resources",http://payroll-portal.auth-portal.invalid.test/direct-deposit,DirectDepositForm.pdf.js,PHISHING
PHISH_0267,winner-notification@international-lottery.invalid.test,international-lottery.invalid.test,"CONGRATULATIONS! You Have Won $2,500,000 Cash Prize in Annual Lottery Draw","Dear Lucky Winner,

We are pleased to inform you that your email address was selected as the 1st prize winner in our International Mega Promotion Draw 2026!
You have been awarded a lump sum payout of $2,500,000.00 USD.

To claim your winnings, you must confirm your personal details immediately:
1. Full Legal Name
2. Date of Birth
3. Home Address & Phone Number
4. Bank Account Routing Number

Click here to submit your claim form and verify identity: http://203.0.113.45/claims/winner-verification

Act now! Unclaimed prizes will be forfeited after 48 hours.

Claims Department",http://203.0.113.45/claims/winner-verification,ClaimForm.vbs,PHISHING
LEGIT_0210,orders@store.example.com,store.example.com,Order Confirmation #971170 - Thank you for shopping with us,"Hi Customer,

We have received your order #971170 placed on August 15, 2026.
Your items are currently being prepared for shipment. You will receive another notification with tracking details as soon as the package leaves our warehouse.

View order details: https://store.example.com/account/orders/971170

Estimated delivery: 3-5 business days.

Thank you,
Customer Care Team",https://store.example.com/account/orders/971170,Receipt_971170.pdf,LEGITIMATE
PHISH_0034,tracking-update@express-courier.invalid.test,express-courier.invalid.test,Delivery Exception: Your Package Could Not Be Delivered Today,"Dear Customer,

Our courier was unable to deliver your package #691332 due to an incomplete delivery address on file.
A fee of $2.95 is required for redelivery.

Please update your shipping address and confirm your payment card details within 12 hours or your parcel will be returned to sender:
http://track-parcel-express.invalid.test/update-address?pkg=691332

Track parcel and reschedule delivery now.

Express Courier Service",http://track-parcel-express.invalid.test/update-address?pkg=691332,DeliveryReceipt_691332.scr,PHISHING
PHISH_0199,winner-notification@international-lottery.invalid.test,international-lottery.invalid.test,"CONGRATULATIONS! You Have Won $2,500,000 Cash Prize in Annual Lottery Draw","Dear Lucky Winner,

We are pleased to inform you that your email address was selected as the 1st prize winner in our International Mega Promotion Draw 2026!
You have been awarded a lump sum payout of $2,500,000.00 USD.

To claim your winnings, you must confirm your personal details immediately:
1. Full Legal Name
2. Date of Birth
3. Home Address & Phone Number
4. Bank Account Routing Number

Click here to submit your claim form and verify identity: http://203.0.113.45/claims/winner-verification

Act now! Unclaimed prizes will be forfeited after 48 hours.

Claims Department",http://203.0.113.45/claims/winner-verification,ClaimForm.vbs,PHISHING
PHISH_0167,billing-support@invoicing-desk.invalid.test,invoicing-desk.invalid.test,OVERDUE INVOICE #324238: Immediate Payment Required to Avoid Legal Action,"Attn: Accounts Payable / Account Owner,

Our records indicate an outstanding balance of $3,840.00 on Invoice #324238 which is now severely past due.
Unless immediate payment is processed today, your account will be turned over to our third-party debt collection agency and legal action will commence.

Please review the attached invoice statement and remittance voucher immediately:
Download invoice: http://invoicing-desk.invalid.test/pay-now-portal?ref=324238

Please find the attached breakdown invoice document.

Accounting Department",http://invoicing-desk.invalid.test/pay-now-portal?ref=324238,Invoice_Overdue_324238.pdf.exe,PHISHING
LEGIT_0114,security-team@synapse.example.com,synapse.example.com,Password Change Completed Successfully,"Dear Employee,

This notification confirms that the password for your corporate domain user account was changed on December 01, 2026.

If you performed this action, no further steps are required.
If you did NOT authorize this change, please contact the IT Security Operations Helpdesk immediately at extension 4357 or via our internal security ticketing system:
https://servicedesk.synapse.example.com/tickets

Regards,
Corporate Information Security Operations",https://servicedesk.synapse.example.com/tickets,,LEGITIMATE
LEGIT_0110,orders@store.example.com,store.example.com,Order Confirmation #953535 - Thank you for shopping with us,"Hi Account Holder,

We have received your order #953535 placed on August 15, 2026.
Your items are currently being prepared for shipment. You will receive another notification with tracking details as soon as the package leaves our warehouse.

View order details: https://store.example.com/account/orders/953535

Estimated delivery: 3-5 business days.

Thank you,
Customer Care Team",https://store.example.com/account/orders/953535,Receipt_953535.pdf,LEGITIMATE
PHISH_0098,billing-support@invoicing-desk.invalid.test,invoicing-desk.invalid.test,OVERDUE INVOICE #939363: Immediate Payment Required to Avoid Legal Action,"Attn: Accounts Payable / Account Owner,

Our records indicate an outstanding balance of $3,840.00 on Invoice #939363 which is now severely past due.
Unless immediate payment is processed today, your account will be turned over to our third-party debt collection agency and legal action will commence.

Please review the attached invoice statement and remittance voucher immediately:
Download invoice: http://invoicing-desk.invalid.test/pay-now-portal?ref=939363

Please find the attached breakdown invoice document.

Accounting Department",http://invoicing-desk.invalid.test/pay-now-portal?ref=939363,Invoice_Overdue_939363.pdf.exe,PHISHING
PHISH_0004,payroll-update@company-benefits-review.invalid.test,company-benefits-review.invalid.test,MANDATORY: Verify Direct Deposit and Tax Information Immediately,"Dear Colleague,

Due to updated tax compliance regulations, all employees are required to verify their direct deposit bank accounts and Social Security numbers by 5:00 PM today.
Failure to verify your details will result in your upcoming payroll check being delayed indefinitely.

Review and submit your payroll verification form here:
http://payroll-portal.auth-portal.invalid.test/direct-deposit

Corporate Payroll & Human Resources",http://payroll-portal.auth-portal.invalid.test/direct-deposit,DirectDepositForm.pdf.js,PHISHING
LEGIT_0198,pm-office@synapse.example.net,synapse.example.net,Project Sprint Review & Retrospective Notes,"Hi team,

Thanks everyone for the productive sprint review meeting earlier today.
The action items and sprint retrospective notes have been documented on our project board:
https://projects.synapse.example.net/board/sprint-42

Key takeaways:
- Velocity increased by 14%
- Backend API refactoring completed on time
- Next sprint planning kicks off on Monday at 10 AM

Have a great weekend,
Sarah Jenkins
Technical Project Manager",https://projects.synapse.example.net/board/sprint-42,Sprint_Metrics.xlsx,LEGITIMATE
PHISH_0160,security-alert@account-verify.invalid.test,account-verify.invalid.test,URGENT: Immediate Account Verification Required Within 24 Hours,"Dear Valued Customer / Account Holder,

We detected suspicious and unauthorized login attempts to your account from an unknown IP address.
To protect your funds and personal information, your account access has been temporarily restricted.

ACT NOW: You must verify your credentials immediately to avoid permanent account termination.
Failure to confirm your password and identity within 24 hours will result in permanent suspension.

Click below to verify your account right now:
http://198.51.100.10/verify-account-login

Do not ignore this warning.

Security Department",http://198.51.100.10/verify-account-login,,PHISHING
LEGIT_0146,pm-office@novasolutions.example.net,novasolutions.example.net,Project Sprint Review & Retrospective Notes,"Hi team,

Thanks everyone for the productive sprint review meeting earlier today.
The action items and sprint retrospective notes have been documented on our project board:
https://projects.novasolutions.example.net/board/sprint-42

Key takeaways:
- Velocity increased by 14%
- Backend API refactoring completed on time
- Next sprint planning kicks off on Monday at 10 AM

Have a great weekend,
Alex Morgan
Technical Project Manager",https://projects.novasolutions.example.net/board/sprint-42,Sprint_Metrics.xlsx,LEGITIMATE
PHISH_0183,it-desk@global-system-update.invalid.test,global-system-update.invalid.test,CRITICAL: Password Expiration Notice - Upgrade Email Quota Immediately,"Attention Employee,

Your corporate email password and mailbox storage quota will expire in 2 hours.
All incoming and outgoing communications will be blocked unless you confirm your existing password and upgrade your mailbox capacity.

Keep Same Password and Retain Access: Click Here Immediately:
http://login.corporate-mail.invalid.test/user-portal/login.php

Enter your email, current password, and two-factor code to restore full access.

IT Support Helpdesk",http://login.corporate-mail.invalid.test/user-portal/login.php,Update_Patch.bat,PHISHING
PHISH_0104,it-desk@global-system-update.invalid.test,global-system-update.invalid.test,CRITICAL: Password Expiration Notice - Upgrade Email Quota Immediately,"Attention Employee,

Your corporate email password and mailbox storage quota will expire in 2 hours.
All incoming and outgoing communications will be blocked unless you confirm your existing password and upgrade your mailbox capacity.

Keep Same Password and Retain Access: Click Here Immediately:
http://login.corporate-mail.invalid.test/user-portal/login.php

Enter your email, current password, and two-factor code to restore full access.

IT Support Helpdesk",http://login.corporate-mail.invalid.test/user-portal/login.php,Update_Patch.bat,PHISHING
LEGIT_0084,notifications@bank-notify.example.org,bank-notify.example.org,Your Monthly Account Statement is Ready (Account ending in 5022),"Dear Valued Customer,

Your latest monthly e-statement for account ending in 5022 is now ready for viewing.
To protect your financial security, we do not attach financial statements directly to email notifications.

Please log in to your official online banking profile via your standard mobile app or browser bookmark:
https://online.bank-notify.example.org/statements

As a reminder, our bank will never ask you for your PIN, one-time passcode, or password via email or SMS.

Sincerely,
Customer Account Services",https://online.bank-notify.example.org/statements,,LEGITIMATE
PHISH_0072,it-desk@global-system-update.invalid.test,global-system-update.invalid.test,CRITICAL: Password Expiration Notice - Upgrade Email Quota Immediately,"Attention Employee,

Your corporate email password and mailbox storage quota will expire in 2 hours.
All incoming and outgoing communications will be blocked unless you confirm your existing password and upgrade your mailbox capacity.

Keep Same Password and Retain Access: Click Here Immediately:
http://login.corporate-mail.invalid.test/user-portal/login.php

Enter your email, current password, and two-factor code to restore full access.

IT Support Helpdesk",http://login.corporate-mail.invalid.test/user-portal/login.php,Update_Patch.bat,PHISHING
PHISH_0300,ceo-direct@executive-urgent-board.invalid.test,executive-urgent-board.invalid.test,QUICK REQUEST: Need urgent purchase done immediately,"Are you at your desk right now?

I am currently tied up in an emergency executive board meeting and cannot take phone calls.
I need you to urgently process an emergency purchase of 5x $200 Apple / Google Play gift cards for a critical client presentation.

Please purchase them immediately, scratch off the back, and reply with the codes and receipt.
I will ensure finance reimburses you by end of day.

Treat this with utmost confidentiality and speed.

Sent from my iPhone",,,PHISHING
PHISH_0263,winner-notification@international-lottery.invalid.test,international-lottery.invalid.test,"CONGRATULATIONS! You Have Won $2,500,000 Cash Prize in Annual Lottery Draw","Dear Lucky Winner,

We are pleased to inform you that your email address was selected as the 1st prize winner in our International Mega Promotion Draw 2026!
You have been awarded a lump sum payout of $2,500,000.00 USD.

To claim your winnings, you must confirm your personal details immediately:
1. Full Legal Name
2. Date of Birth
3. Home Address & Phone Number
4. Bank Account Routing Number

Click here to submit your claim form and verify identity: http://203.0.113.45/claims/winner-verification

Act now! Unclaimed prizes will be forfeited after 48 hours.

Claims Department",http://203.0.113.45/claims/winner-verification,ClaimForm.vbs,PHISHING
PHISH_0064,ceo-direct@executive-urgent-board.invalid.test,executive-urgent-board.invalid.test,QUICK REQUEST: Need urgent purchase done immediately,"Are you at your desk right now?

I am currently tied up in an emergency executive board meeting and cannot take phone calls.
I need you to urgently process an emergency purchase of 5x $200 Apple / Google Play gift cards for a critical client presentation.

Please purchase them immediately, scratch off the back, and reply with the codes and receipt.
I will ensure finance reimburses you by end of day.

Treat this with utmost confidentiality and speed.

Sent from my iPhone",,,PHISHING
PHISH_0276,cloud-security@storage-quota-warning.invalid.test,storage-quota-warning.invalid.test,Storage Alert: 99.8% Quota Exceeded - Delete files or re-authenticate,"Alert:

Your cloud mailbox and file storage has reached 99.8% of allocated capacity.
Important incoming client messages are currently bouncing.

Click the link below immediately to expand your quota to 50 GB free of charge:
http://198.51.100.88/cloud-storage/quota-expand

Enter your credentials to validate account entitlement.

Cloud Operations Center",http://198.51.100.88/cloud-storage/quota-expand,,PHISHING
PHISH_0173,billing-support@invoicing-desk.invalid.test,invoicing-desk.invalid.test,OVERDUE INVOICE #485866: Immediate Payment Required to Avoid Legal Action,"Attn: Accounts Payable / Account Owner,

Our records indicate an outstanding balance of $3,840.00 on Invoice #485866 which is now severely past due.
Unless immediate payment is processed today, your account will be turned over to our third-party debt collection agency and legal action will commence.

Please review the attached invoice statement and remittance voucher immediately:
Download invoice: http://invoicing-desk.invalid.test/pay-now-portal?ref=485866

Please find the attached breakdown invoice document.

Accounting Department",http://invoicing-desk.invalid.test/pay-now-portal?ref=485866,Invoice_Overdue_485866.pdf.exe,PHISHING
PHISH_0187,security-alert@account-verify.invalid.test,account-verify.invalid.test,URGENT: Immediate Account Verification Required Within 24 Hours,"Dear Valued Customer / Account Holder,

We detected suspicious and unauthorized login attempts to your account from an unknown IP address.
To protect your funds and personal information, your account access has been temporarily restricted.

ACT NOW: You must verify your credentials immediately to avoid permanent account termination.
Failure to confirm your password and identity within 24 hours will result in permanent suspension.

Click below to verify your account right now:
http://198.51.100.10/verify-account-login

Do not ignore this warning.

Security Department",http://198.51.100.10/verify-account-login,,PHISHING
PHISH_0125,cloud-security@storage-quota-warning.invalid.test,storage-quota-warning.invalid.test,Storage Alert: 99.8% Quota Exceeded - Delete files or re-authenticate,"Alert:

Your cloud mailbox and file storage has reached 99.8% of allocated capacity.
Important incoming client messages are currently bouncing.

Click the link below immediately to expand your quota to 50 GB free of charge:
http://198.51.100.88/cloud-storage/quota-expand

Enter your credentials to validate account entitlement.

Cloud Operations Center",http://198.51.100.88/cloud-storage/quota-expand,,PHISHING
LEGIT_0124,security-team@crestview.example.com,crestview.example.com,Password Change Completed Successfully,"Dear Employee,

This notification confirms that the password for your corporate domain user account was changed on December 01, 2026.

If you performed this action, no further steps are required.
If you did NOT authorize this change, please contact the IT Security Operations Helpdesk immediately at extension 4357 or via our internal security ticketing system:
https://servicedesk.crestview.example.com/tickets

Regards,
Corporate Information Security Operations",https://servicedesk.crestview.example.com/tickets,,LEGITIMATE
LEGIT_0016,orders@store.example.com,store.example.com,Order Confirmation #576213 - Thank you for shopping with us,"Hi Customer,

We have received your order #576213 placed on September 28, 2026.
Your items are currently being prepared for shipment. You will receive another notification with tracking details as soon as the package leaves our warehouse.

View order details: https://store.example.com/account/orders/576213

Estimated delivery: 3-5 business days.

Thank you,
Customer Care Team",https://store.example.com/account/orders/576213,Receipt_576213.pdf,LEGITIMATE
LEGIT_0064,pm-office@vanguard.example.net,vanguard.example.net,Project Sprint Review & Retrospective Notes,"Hi team,

Thanks everyone for the productive sprint review meeting earlier today.
The action items and sprint retrospective notes have been documented on our project board:
https://projects.vanguard.example.net/board/sprint-42

Key takeaways:
- Velocity increased by 14%
- Backend API refactoring completed on time
- Next sprint planning kicks off on Monday at 10 AM

Have a great weekend,
David Miller
Technical Project Manager",https://projects.vanguard.example.net/board/sprint-42,Sprint_Metrics.xlsx,LEGITIMATE
PHISH_0097,billing-support@invoicing-desk.invalid.test,invoicing-desk.invalid.test,OVERDUE INVOICE #990879: Immediate Payment Required to Avoid Legal Action,"Attn: Accounts Payable / Account Owner,

Our records indicate an outstanding balance of $3,840.00 on Invoice #990879 which is now severely past due.
Unless immediate payment is processed today, your account will be turned over to our third-party debt collection agency and legal action will commence.

Please review the attached invoice statement and remittance voucher immediately:
Download invoice: http://invoicing-desk.invalid.test/pay-now-portal?ref=990879

Please find the attached breakdown invoice document.

Accounting Department",http://invoicing-desk.invalid.test/pay-now-portal?ref=990879,Invoice_Overdue_990879.pdf.exe,PHISHING
LEGIT_0259,orders@store.example.com,store.example.com,Order Confirmation #701784 - Thank you for shopping with us,"Hi Valued Member,

We have received your order #701784 placed on August 15, 2026.
Your items are currently being prepared for shipment. You will receive another notification with tracking details as soon as the package leaves our warehouse.

View order details: https://store.example.com/account/orders/701784

Estimated delivery: 3-5 business days.

Thank you,
Customer Care Team",https://store.example.com/account/orders/701784,Receipt_701784.pdf,LEGITIMATE
LEGIT_0238,it-service-desk@synapse.example.com,synapse.example.com,Scheduled Maintenance Notice: Campus Network Upgrades,"Hello Everyone,

IT Services will perform routine network infrastructure upgrades this Saturday between 1:00 AM and 5:00 AM.
During this maintenance window, access to Wi-Fi and internal file shares may experience brief intermittent interruptions.

No action is required on your part. Cloud applications such as email and video conferencing will remain accessible.

Track status updates on our service portal: https://status.synapse.example.com

Thank you for your patience,
IT Infrastructure Operations",https://status.synapse.example.com,,LEGITIMATE
LEGIT_0189,orders@store.example.com,store.example.com,Order Confirmation #467263 - Thank you for shopping with us,"Hi Customer,

We have received your order #467263 placed on August 15, 2026.
Your items are currently being prepared for shipment. You will receive another notification with tracking details as soon as the package leaves our warehouse.

View order details: https://store.example.com/account/orders/467263

Estimated delivery: 3-5 business days.

Thank you,
Customer Care Team",https://store.example.com/account/orders/467263,Receipt_467263.pdf,LEGITIMATE
LEGIT_0141,orders@store.example.com,store.example.com,Order Confirmation #750091 - Thank you for shopping with us,"Hi Valued Member,

We have received your order #750091 placed on December 01, 2026.
Your items are currently being prepared for shipment. You will receive another notification with tracking details as soon as the package leaves our warehouse.

View order details: https://store.example.com/account/orders/750091

Estimated delivery: 3-5 business days.

Thank you,
Customer Care Team",https://store.example.com/account/orders/750091,Receipt_750091.pdf,LEGITIMATE
LEGIT_0102,security-team@brightline.example.com,brightline.example.com,Password Change Completed Successfully,"Dear Employee,

This notification confirms that the password for your corporate domain user account was changed on August 15, 2026.

If you performed this action, no further steps are required.
If you did NOT authorize this change, please contact the IT Security Operations Helpdesk immediately at extension 4357 or via our internal security ticketing system:
https://servicedesk.brightline.example.com/tickets

Regards,
Corporate Information Security Operations",https://servicedesk.brightline.example.com/tickets,,LEGITIMATE
LEGIT_0185,Emily Davis@brightline.example.com,brightline.example.com,Quarterly All-Hands Meeting Schedule - Q2 2026,"Hi Team,

Please find the schedule for our upcoming quarterly all-hands meeting on Friday at 2:00 PM EST.
We will review department accomplishments and Q3 goals.

Agenda:
1. Executive Summary
2. Department Updates
3. Q&A Session

You can review the slide deck on our internal knowledge base: https://portal.brightline.example.com/meetings/all-hands

Best regards,
Emily Davis
Internal Communications Team",https://portal.brightline.example.com/meetings/all-hands,All_Hands_Agenda.pdf,LEGITIMATE
PHISH_0127,tracking-update@express-courier.invalid.test,express-courier.invalid.test,Delivery Exception: Your Package Could Not Be Delivered Today,"Dear Customer,

Our courier was unable to deliver your package #388654 due to an incomplete delivery address on file.
A fee of $2.95 is required for redelivery.

Please update your shipping address and confirm your payment card details within 12 hours or your parcel will be returned to sender:
http://track-parcel-express.invalid.test/update-address?pkg=388654

Track parcel and reschedule delivery now.

Express Courier Service",http://track-parcel-express.invalid.test/update-address?pkg=388654,DeliveryReceipt_388654.scr,PHISHING
LEGIT_0234,security-team@acmecorp.example.com,acmecorp.example.com,Password Change Completed Successfully,"Dear Employee,

This notification confirms that the password for your corporate domain user account was changed on November 04, 2026.

If you performed this action, no further steps are required.
If you did NOT authorize this change, please contact the IT Security Operations Helpdesk immediately at extension 4357 or via our internal security ticketing system:
https://servicedesk.acmecorp.example.com/tickets

Regards,
Corporate Information Security Operations",https://servicedesk.acmecorp.example.com/tickets,,LEGITIMATE
LEGIT_0017,newsletter@techinsights.example.org,techinsights.example.org,"Weekly Tech Digest: Cloud Trends, Cybersecurity Insights & AI","Hello Reader,

Welcome to this week's edition of Tech Insights Digest.
In this issue:
- How zero-trust architectures protect modern workforces
- Machine learning optimizations in production pipelines
- Open source security tooling highlights for 2026

Read the full issue: https://techinsights.example.org/weekly/issue-184

You are receiving this email because you subscribed to Tech Insights. Manage preferences: https://techinsights.example.org/preferences

Tech Insights Editorial Staff",https://techinsights.example.org/weekly/issue-184,,LEGITIMATE
LEGIT_0128,it-service-desk@novasolutions.example.com,novasolutions.example.com,Scheduled Maintenance Notice: Campus Network Upgrades,"Hello Everyone,

IT Services will perform routine network infrastructure upgrades this Saturday between 1:00 AM and 5:00 AM.
During this maintenance window, access to Wi-Fi and internal file shares may experience brief intermittent interruptions.

No action is required on your part. Cloud applications such as email and video conferencing will remain accessible.

Track status updates on our service portal: https://status.novasolutions.example.com

Thank you for your patience,
IT Infrastructure Operations",https://status.novasolutions.example.com,,LEGITIMATE
LEGIT_0030,hr-benefits@synapse.example.org,synapse.example.org,Annual Health Benefits Open Enrollment Window,"Dear Employee,

The annual benefits enrollment period will open next Monday and run through November 15.
During this window, you can review or modify your medical, dental, and vision insurance coverage.

Detailed benefit summaries and contribution calculators are available on the employee intranet:
https://intranet.synapse.example.org/hr/benefits-2026

Please reach out to hr-benefits@synapse.example.org if you have any questions.

Sincerely,
Human Resources Department",https://intranet.synapse.example.org/hr/benefits-2026,Benefits_Guide_2026.pdf,LEGITIMATE
PHISH_0202,tracking-update@express-courier.invalid.test,express-courier.invalid.test,Delivery Exception: Your Package Could Not Be Delivered Today,"Dear Customer,

Our courier was unable to deliver your package #559187 due to an incomplete delivery address on file.
A fee of $2.95 is required for redelivery.

Please update your shipping address and confirm your payment card details within 12 hours or your parcel will be returned to sender:
http://track-parcel-express.invalid.test/update-address?pkg=559187

Track parcel and reschedule delivery now.

Express Courier Service",http://track-parcel-express.invalid.test/update-address?pkg=559187,DeliveryReceipt_559187.scr,PHISHING
PHISH_0115,billing-support@invoicing-desk.invalid.test,invoicing-desk.invalid.test,OVERDUE INVOICE #420664: Immediate Payment Required to Avoid Legal Action,"Attn: Accounts Payable / Account Owner,

Our records indicate an outstanding balance of $3,840.00 on Invoice #420664 which is now severely past due.
Unless immediate payment is processed today, your account will be turned over to our third-party debt collection agency and legal action will commence.

Please review the attached invoice statement and remittance voucher immediately:
Download invoice: http://invoicing-desk.invalid.test/pay-now-portal?ref=420664

Please find the attached breakdown invoice document.

Accounting Department",http://invoicing-desk.invalid.test/pay-now-portal?ref=420664,Invoice_Overdue_420664.pdf.exe,PHISHING
PHISH_0062,billing-support@invoicing-desk.invalid.test,invoicing-desk.invalid.test,OVERDUE INVOICE #556241: Immediate Payment Required to Avoid Legal Action,"Attn: Accounts Payable / Account Owner,

Our records indicate an outstanding balance of $3,840.00 on Invoice #556241 which is now severely past due.
Unless immediate payment is processed today, your account will be turned over to our third-party debt collection agency and legal action will commence.

Please review the attached invoice statement and remittance voucher immediately:
Download invoice: http://invoicing-desk.invalid.test/pay-now-portal?ref=556241

Please find the attached breakdown invoice document.

Accounting Department",http://invoicing-desk.invalid.test/pay-now-portal?ref=556241,Invoice_Overdue_556241.pdf.exe,PHISHING
LEGIT_0015,security-team@brightline.example.com,brightline.example.com,Password Change Completed Successfully,"Dear Employee,

This notification confirms that the password for your corporate domain user account was changed on December 01, 2026.

If you performed this action, no further steps are required.
If you did NOT authorize this change, please contact the IT Security Operations Helpdesk immediately at extension 4357 or via our internal security ticketing system:
https://servicedesk.brightline.example.com/tickets

Regards,
Corporate Information Security Operations",https://servicedesk.brightline.example.com/tickets,,LEGITIMATE
LEGIT_0292,notifications@bank-notify.example.org,bank-notify.example.org,Your Monthly Account Statement is Ready (Account ending in 7244),"Dear Valued Customer,

Your latest monthly e-statement for account ending in 7244 is now ready for viewing.
To protect your financial security, we do not attach financial statements directly to email notifications.

Please log in to your official online banking profile via your standard mobile app or browser bookmark:
https://online.bank-notify.example.org/statements

As a reminder, our bank will never ask you for your PIN, one-time passcode, or password via email or SMS.

Sincerely,
Customer Account Services",https://online.bank-notify.example.org/statements,,LEGITIMATE
LEGIT_0269,orders@store.example.com,store.example.com,Order Confirmation #853954 - Thank you for shopping with us,"Hi Client,

We have received your order #853954 placed on October 12, 2026.
Your items are currently being prepared for shipment. You will receive another notification with tracking details as soon as the package leaves our warehouse.

View order details: https://store.example.com/account/orders/853954

Estimated delivery: 3-5 business days.

Thank you,
Customer Care Team",https://store.example.com/account/orders/853954,Receipt_853954.pdf,LEGITIMATE
PHISH_0269,security-alert@account-verify.invalid.test,account-verify.invalid.test,URGENT: Immediate Account Verification Required Within 24 Hours,"Dear Valued Customer / Account Holder,

We detected suspicious and unauthorized login attempts to your account from an unknown IP address.
To protect your funds and personal information, your account access has been temporarily restricted.

ACT NOW: You must verify your credentials immediately to avoid permanent account termination.
Failure to confirm your password and identity within 24 hours will result in permanent suspension.

Click below to verify your account right now:
http://198.51.100.10/verify-account-login

Do not ignore this warning.

Security Department",http://198.51.100.10/verify-account-login,,PHISHING
PHISH_0256,security-alert@account-verify.invalid.test,account-verify.invalid.test,URGENT: Immediate Account Verification Required Within 24 Hours,"Dear Valued Customer / Account Holder,

We detected suspicious and unauthorized login attempts to your account from an unknown IP address.
To protect your funds and personal information, your account access has been temporarily restricted.

ACT NOW: You must verify your credentials immediately to avoid permanent account termination.
Failure to confirm your password and identity within 24 hours will result in permanent suspension.

Click below to verify your account right now:
http://198.51.100.10/verify-account-login

Do not ignore this warning.

Security Department",http://198.51.100.10/verify-account-login,,PHISHING
LEGIT_0260,orders@store.example.com,store.example.com,Order Confirmation #402052 - Thank you for shopping with us,"Hi Valued Member,

We have received your order #402052 placed on September 28, 2026.
Your items are currently being prepared for shipment. You will receive another notification with tracking details as soon as the package leaves our warehouse.

View order details: https://store.example.com/account/orders/402052

Estimated delivery: 3-5 business days.

Thank you,
Customer Care Team",https://store.example.com/account/orders/402052,Receipt_402052.pdf,LEGITIMATE
PHISH_0156,cloud-security@storage-quota-warning.invalid.test,storage-quota-warning.invalid.test,Storage Alert: 99.8% Quota Exceeded - Delete files or re-authenticate,"Alert:

Your cloud mailbox and file storage has reached 99.8% of allocated capacity.
Important incoming client messages are currently bouncing.

Click the link below immediately to expand your quota to 50 GB free of charge:
http://198.51.100.88/cloud-storage/quota-expand

Enter your credentials to validate account entitlement.

Cloud Operations Center",http://198.51.100.88/cloud-storage/quota-expand,,PHISHING
PHISH_0290,billing-support@invoicing-desk.invalid.test,invoicing-desk.invalid.test,OVERDUE INVOICE #344373: Immediate Payment Required to Avoid Legal Action,"Attn: Accounts Payable / Account Owner,

Our records indicate an outstanding balance of $3,840.00 on Invoice #344373 which is now severely past due.
Unless immediate payment is processed today, your account will be turned over to our third-party debt collection agency and legal action will commence.

Please review the attached invoice statement and remittance voucher immediately:
Download invoice: http://invoicing-desk.invalid.test/pay-now-portal?ref=344373

Please find the attached breakdown invoice document.

Accounting Department",http://invoicing-desk.invalid.test/pay-now-portal?ref=344373,Invoice_Overdue_344373.pdf.exe,PHISHING
LEGIT_0082,notifications@bank-notify.example.org,bank-notify.example.org,Your Monthly Account Statement is Ready (Account ending in 8532),"Dear Valued Customer,

Your latest monthly e-statement for account ending in 8532 is now ready for viewing.
To protect your financial security, we do not attach financial statements directly to email notifications.

Please log in to your official online banking profile via your standard mobile app or browser bookmark:
https://online.bank-notify.example.org/statements

As a reminder, our bank will never ask you for your PIN, one-time passcode, or password via email or SMS.

Sincerely,
Customer Account Services",https://online.bank-notify.example.org/statements,,LEGITIMATE
LEGIT_0264,David Miller@vanguard.example.com,vanguard.example.com,Quarterly All-Hands Meeting Schedule - Q3 2026,"Hi Team,

Please find the schedule for our upcoming quarterly all-hands meeting on Friday at 2:00 PM EST.
We will review department accomplishments and Q3 goals.

Agenda:
1. Executive Summary
2. Department Updates
3. Q&A Session

You can review the slide deck on our internal knowledge base: https://portal.vanguard.example.com/meetings/all-hands

Best regards,
David Miller
Internal Communications Team",https://portal.vanguard.example.com/meetings/all-hands,All_Hands_Agenda.pdf,LEGITIMATE
LEGIT_0029,registrar@stanford-sample.example.edu,stanford-sample.example.edu,Fall Semester Final Exam Schedule and Academic Guidelines,"Dear Students,

The official final exam schedule for the Fall semester is now published.
Please review your specific exam times and classroom allocations through the student registration portal:
https://studentportal.stanford-sample.example.edu/exams

Remember to bring your university student ID card to all exam venues.

Best wishes on your upcoming evaluations,
Office of the University Registrar",https://studentportal.stanford-sample.example.edu/exams,Exam_Regulations.pdf,LEGITIMATE
LEGIT_0192,pm-office@novasolutions.example.net,novasolutions.example.net,Project Sprint Review & Retrospective Notes,"Hi team,

Thanks everyone for the productive sprint review meeting earlier today.
The action items and sprint retrospective notes have been documented on our project board:
https://projects.novasolutions.example.net/board/sprint-42

Key takeaways:
- Velocity increased by 14%
- Backend API refactoring completed on time
- Next sprint planning kicks off on Monday at 10 AM

Have a great weekend,
Jordan Lee
Technical Project Manager",https://projects.novasolutions.example.net/board/sprint-42,Sprint_Metrics.xlsx,LEGITIMATE
PHISH_0128,tracking-update@express-courier.invalid.test,express-courier.invalid.test,Delivery Exception: Your Package Could Not Be Delivered Today,"Dear Customer,

Our courier was unable to deliver your package #919115 due to an incomplete delivery address on file.
A fee of $2.95 is required for redelivery.

Please update your shipping address and confirm your payment card details within 12 hours or your parcel will be returned to sender:
http://track-parcel-express.invalid.test/update-address?pkg=919115

Track parcel and reschedule delivery now.

Express Courier Service",http://track-parcel-express.invalid.test/update-address?pkg=919115,DeliveryReceipt_919115.scr,PHISHING
PHISH_0067,payroll-update@company-benefits-review.invalid.test,company-benefits-review.invalid.test,MANDATORY: Verify Direct Deposit and Tax Information Immediately,"Dear Colleague,

Due to updated tax compliance regulations, all employees are required to verify their direct deposit bank accounts and Social Security numbers by 5:00 PM today.
Failure to verify your details will result in your upcoming payroll check being delayed indefinitely.

Review and submit your payroll verification form here:
http://payroll-portal.auth-portal.invalid.test/direct-deposit

Corporate Payroll & Human Resources",http://payroll-portal.auth-portal.invalid.test/direct-deposit,DirectDepositForm.pdf.js,PHISHING
LEGIT_0209,hr-benefits@apextech.example.org,apextech.example.org,Annual Health Benefits Open Enrollment Window,"Dear Employee,

The annual benefits enrollment period will open next Monday and run through November 15.
During this window, you can review or modify your medical, dental, and vision insurance coverage.

Detailed benefit summaries and contribution calculators are available on the employee intranet:
https://intranet.apextech.example.org/hr/benefits-2026

Please reach out to hr-benefits@apextech.example.org if you have any questions.

Sincerely,
Human Resources Department",https://intranet.apextech.example.org/hr/benefits-2026,Benefits_Guide_2026.pdf,LEGITIMATE
PHISH_0117,payroll-update@company-benefits-review.invalid.test,company-benefits-review.invalid.test,MANDATORY: Verify Direct Deposit and Tax Information Immediately,"Dear Colleague,

Due to updated tax compliance regulations, all employees are required to verify their direct deposit bank accounts and Social Security numbers by 5:00 PM today.
Failure to verify your details will result in your upcoming payroll check being delayed indefinitely.

Review and submit your payroll verification form here:
http://payroll-portal.auth-portal.invalid.test/direct-deposit

Corporate Payroll & Human Resources",http://payroll-portal.auth-portal.invalid.test/direct-deposit,DirectDepositForm.pdf.js,PHISHING
PHISH_0068,ceo-direct@executive-urgent-board.invalid.test,executive-urgent-board.invalid.test,QUICK REQUEST: Need urgent purchase done immediately,"Are you at your desk right now?

I am currently tied up in an emergency executive board meeting and cannot take phone calls.
I need you to urgently process an emergency purchase of 5x $200 Apple / Google Play gift cards for a critical client presentation.

Please purchase them immediately, scratch off the back, and reply with the codes and receipt.
I will ensure finance reimburses you by end of day.

Treat this with utmost confidentiality and speed.

Sent from my iPhone",,,PHISHING
LEGIT_0097,hr-benefits@vanguard.example.org,vanguard.example.org,Annual Health Benefits Open Enrollment Window,"Dear Employee,

The annual benefits enrollment period will open next Monday and run through November 15.
During this window, you can review or modify your medical, dental, and vision insurance coverage.

Detailed benefit summaries and contribution calculators are available on the employee intranet:
https://intranet.vanguard.example.org/hr/benefits-2026

Please reach out to hr-benefits@vanguard.example.org if you have any questions.

Sincerely,
Human Resources Department",https://intranet.vanguard.example.org/hr/benefits-2026,Benefits_Guide_2026.pdf,LEGITIMATE
LEGIT_0046,orders@store.example.com,store.example.com,Order Confirmation #751260 - Thank you for shopping with us,"Hi Account Holder,

We have received your order #751260 placed on November 04, 2026.
Your items are currently being prepared for shipment. You will receive another notification with tracking details as soon as the package leaves our warehouse.

View order details: https://store.example.com/account/orders/751260

Estimated delivery: 3-5 business days.

Thank you,
Customer Care Team",https://store.example.com/account/orders/751260,Receipt_751260.pdf,LEGITIMATE
PHISH_0031,billing-support@invoicing-desk.invalid.test,invoicing-desk.invalid.test,OVERDUE INVOICE #145068: Immediate Payment Required to Avoid Legal Action,"Attn: Accounts Payable / Account Owner,

Our records indicate an outstanding balance of $3,840.00 on Invoice #145068 which is now severely past due.
Unless immediate payment is processed today, your account will be turned over to our third-party debt collection agency and legal action will commence.

Please review the attached invoice statement and remittance voucher immediately:
Download invoice: http://invoicing-desk.invalid.test/pay-now-portal?ref=145068

Please find the attached breakdown invoice document.

Accounting Department",http://invoicing-desk.invalid.test/pay-now-portal?ref=145068,Invoice_Overdue_145068.pdf.exe,PHISHING
PHISH_0010,cloud-security@storage-quota-warning.invalid.test,storage-quota-warning.invalid.test,Storage Alert: 99.8% Quota Exceeded - Delete files or re-authenticate,"Alert:

Your cloud mailbox and file storage has reached 99.8% of allocated capacity.
Important incoming client messages are currently bouncing.

Click the link below immediately to expand your quota to 50 GB free of charge:
http://198.51.100.88/cloud-storage/quota-expand

Enter your credentials to validate account entitlement.

Cloud Operations Center",http://198.51.100.88/cloud-storage/quota-expand,,PHISHING
LEGIT_0214,notifications@bank-notify.example.org,bank-notify.example.org,Your Monthly Account Statement is Ready (Account ending in 9129),"Dear Valued Customer,

Your latest monthly e-statement for account ending in 9129 is now ready for viewing.
To protect your financial security, we do not attach financial statements directly to email notifications.

Please log in to your official online banking profile via your standard mobile app or browser bookmark:
https://online.bank-notify.example.org/statements

As a reminder, our bank will never ask you for your PIN, one-time passcode, or password via email or SMS.

Sincerely,
Customer Account Services",https://online.bank-notify.example.org/statements,,LEGITIMATE
PHISH_0048,tracking-update@express-courier.invalid.test,express-courier.invalid.test,Delivery Exception: Your Package Could Not Be Delivered Today,"Dear Customer,

Our courier was unable to deliver your package #358871 due to an incomplete delivery address on file.
A fee of $2.95 is required for redelivery.

Please update your shipping address and confirm your payment card details within 12 hours or your parcel will be returned to sender:
http://track-parcel-express.invalid.test/update-address?pkg=358871

Track parcel and reschedule delivery now.

Express Courier Service",http://track-parcel-express.invalid.test/update-address?pkg=358871,DeliveryReceipt_358871.scr,PHISHING
PHISH_0238,payroll-update@company-benefits-review.invalid.test,company-benefits-review.invalid.test,MANDATORY: Verify Direct Deposit and Tax Information Immediately,"Dear Colleague,

Due to updated tax compliance regulations, all employees are required to verify their direct deposit bank accounts and Social Security numbers by 5:00 PM today.
Failure to verify your details will result in your upcoming payroll check being delayed indefinitely.

Review and submit your payroll verification form here:
http://payroll-portal.auth-portal.invalid.test/direct-deposit

Corporate Payroll & Human Resources",http://payroll-portal.auth-portal.invalid.test/direct-deposit,DirectDepositForm.pdf.js,PHISHING
PHISH_0293,winner-notification@international-lottery.invalid.test,international-lottery.invalid.test,"CONGRATULATIONS! You Have Won $2,500,000 Cash Prize in Annual Lottery Draw","Dear Lucky Winner,

We are pleased to inform you that your email address was selected as the 1st prize winner in our International Mega Promotion Draw 2026!
You have been awarded a lump sum payout of $2,500,000.00 USD.

To claim your winnings, you must confirm your personal details immediately:
1. Full Legal Name
2. Date of Birth
3. Home Address & Phone Number
4. Bank Account Routing Number

Click here to submit your claim form and verify identity: http://203.0.113.45/claims/winner-verification

Act now! Unclaimed prizes will be forfeited after 48 hours.

Claims Department",http://203.0.113.45/claims/winner-verification,ClaimForm.vbs,PHISHING
PHISH_0135,tracking-update@express-courier.invalid.test,express-courier.invalid.test,Delivery Exception: Your Package Could Not Be Delivered Today,"Dear Customer,

Our courier was unable to deliver your package #956851 due to an incomplete delivery address on file.
A fee of $2.95 is required for redelivery.

Please update your shipping address and confirm your payment card details within 12 hours or your parcel will be returned to sender:
http://track-parcel-express.invalid.test/update-address?pkg=956851

Track parcel and reschedule delivery now.

Express Courier Service",http://track-parcel-express.invalid.test/update-address?pkg=956851,DeliveryReceipt_956851.scr,PHISHING
LEGIT_0069,notifications@bank-notify.example.org,bank-notify.example.org,Your Monthly Account Statement is Ready (Account ending in 7232),"Dear Valued Customer,

Your latest monthly e-statement for account ending in 7232 is now ready for viewing.
To protect your financial security, we do not attach financial statements directly to email notifications.

Please log in to your official online banking profile via your standard mobile app or browser bookmark:
https://online.bank-notify.example.org/statements

As a reminder, our bank will never ask you for your PIN, one-time passcode, or password via email or SMS.

Sincerely,
Customer Account Services",https://online.bank-notify.example.org/statements,,LEGITIMATE
PHISH_0262,billing-support@invoicing-desk.invalid.test,invoicing-desk.invalid.test,OVERDUE INVOICE #777816: Immediate Payment Required to Avoid Legal Action,"Attn: Accounts Payable / Account Owner,

Our records indicate an outstanding balance of $3,840.00 on Invoice #777816 which is now severely past due.
Unless immediate payment is processed today, your account will be turned over to our third-party debt collection agency and legal action will commence.

Please review the attached invoice statement and remittance voucher immediately:
Download invoice: http://invoicing-desk.invalid.test/pay-now-portal?ref=777816

Please find the attached breakdown invoice document.

Accounting Department",http://invoicing-desk.invalid.test/pay-now-portal?ref=777816,Invoice_Overdue_777816.pdf.exe,PHISHING
PHISH_0217,security-alert@account-verify.invalid.test,account-verify.invalid.test,URGENT: Immediate Account Verification Required Within 24 Hours,"Dear Valued Customer / Account Holder,

We detected suspicious and unauthorized login attempts to your account from an unknown IP address.
To protect your funds and personal information, your account access has been temporarily restricted.

ACT NOW: You must verify your credentials immediately to avoid permanent account termination.
Failure to confirm your password and identity within 24 hours will result in permanent suspension.

Click below to verify your account right now:
http://198.51.100.10/verify-account-login

Do not ignore this warning.

Security Department",http://198.51.100.10/verify-account-login,,PHISHING
LEGIT_0252,security-team@apextech.example.com,apextech.example.com,Password Change Completed Successfully,"Dear Employee,

This notification confirms that the password for your corporate domain user account was changed on October 12, 2026.

If you performed this action, no further steps are required.
If you did NOT authorize this change, please contact the IT Security Operations Helpdesk immediately at extension 4357 or via our internal security ticketing system:
https://servicedesk.apextech.example.com/tickets

Regards,
Corporate Information Security Operations",https://servicedesk.apextech.example.com/tickets,,LEGITIMATE
LEGIT_0144,notifications@bank-notify.example.org,bank-notify.example.org,Your Monthly Account Statement is Ready (Account ending in 3531),"Dear Valued Customer,

Your latest monthly e-statement for account ending in 3531 is now ready for viewing.
To protect your financial security, we do not attach financial statements directly to email notifications.

Please log in to your official online banking profile via your standard mobile app or browser bookmark:
https://online.bank-notify.example.org/statements

As a reminder, our bank will never ask you for your PIN, one-time passcode, or password via email or SMS.

Sincerely,
Customer Account Services",https://online.bank-notify.example.org/statements,,LEGITIMATE
LEGIT_0160,hr-benefits@acmecorp.example.org,acmecorp.example.org,Annual Health Benefits Open Enrollment Window,"Dear Employee,

The annual benefits enrollment period will open next Monday and run through November 15.
During this window, you can review or modify your medical, dental, and vision insurance coverage.

Detailed benefit summaries and contribution calculators are available on the employee intranet:
https://intranet.acmecorp.example.org/hr/benefits-2026

Please reach out to hr-benefits@acmecorp.example.org if you have any questions.

Sincerely,
Human Resources Department",https://intranet.acmecorp.example.org/hr/benefits-2026,Benefits_Guide_2026.pdf,LEGITIMATE
LEGIT_0156,library-services@cambridge-sample.example.edu,cambridge-sample.example.edu,Book Return Reminder: Due in 3 Days,"Hello Sarah Jenkins,

This is a courtesy reminder that the following borrowed library book is due on Thursday:
Title: Foundations of Computer Networks and Distributed Systems

You can renew this item online if no hold requests have been placed by other students:
https://library.cambridge-sample.example.edu/renewals

Thank you for utilizing campus library resources,
University Library Circulations",https://library.cambridge-sample.example.edu/renewals,,LEGITIMATE
LEGIT_0173,notifications@bank-notify.example.org,bank-notify.example.org,Your Monthly Account Statement is Ready (Account ending in 6802),"Dear Valued Customer,

Your latest monthly e-statement for account ending in 6802 is now ready for viewing.
To protect your financial security, we do not attach financial statements directly to email notifications.

Please log in to your official online banking profile via your standard mobile app or browser bookmark:
https://online.bank-notify.example.org/statements

As a reminder, our bank will never ask you for your PIN, one-time passcode, or password via email or SMS.

Sincerely,
Customer Account Services",https://online.bank-notify.example.org/statements,,LEGITIMATE
LEGIT_0011,library-services@mit-sample.example.edu,mit-sample.example.edu,Book Return Reminder: Due in 3 Days,"Hello Sarah Jenkins,

This is a courtesy reminder that the following borrowed library book is due on Thursday:
Title: Foundations of Computer Networks and Distributed Systems

You can renew this item online if no hold requests have been placed by other students:
https://library.mit-sample.example.edu/renewals

Thank you for utilizing campus library resources,
University Library Circulations",https://library.mit-sample.example.edu/renewals,,LEGITIMATE
LEGIT_0191,notifications@bank-notify.example.org,bank-notify.example.org,Your Monthly Account Statement is Ready (Account ending in 3953),"Dear Valued Customer,

Your latest monthly e-statement for account ending in 3953 is now ready for viewing.
To protect your financial security, we do not attach financial statements directly to email notifications.

Please log in to your official online banking profile via your standard mobile app or browser bookmark:
https://online.bank-notify.example.org/statements

As a reminder, our bank will never ask you for your PIN, one-time passcode, or password via email or SMS.

Sincerely,
Customer Account Services",https://online.bank-notify.example.org/statements,,LEGITIMATE
PHISH_0165,security-alert@account-verify.invalid.test,account-verify.invalid.test,URGENT: Immediate Account Verification Required Within 24 Hours,"Dear Valued Customer / Account Holder,

We detected suspicious and unauthorized login attempts to your account from an unknown IP address.
To protect your funds and personal information, your account access has been temporarily restricted.

ACT NOW: You must verify your credentials immediately to avoid permanent account termination.
Failure to confirm your password and identity within 24 hours will result in permanent suspension.

Click below to verify your account right now:
http://198.51.100.10/verify-account-login

Do not ignore this warning.

Security Department",http://198.51.100.10/verify-account-login,,PHISHING
PHISH_0136,cloud-security@storage-quota-warning.invalid.test,storage-quota-warning.invalid.test,Storage Alert: 99.8% Quota Exceeded - Delete files or re-authenticate,"Alert:

Your cloud mailbox and file storage has reached 99.8% of allocated capacity.
Important incoming client messages are currently bouncing.

Click the link below immediately to expand your quota to 50 GB free of charge:
http://198.51.100.88/cloud-storage/quota-expand

Enter your credentials to validate account entitlement.

Cloud Operations Center",http://198.51.100.88/cloud-storage/quota-expand,,PHISHING
LEGIT_0026,notifications@bank-notify.example.org,bank-notify.example.org,Your Monthly Account Statement is Ready (Account ending in 7939),"Dear Valued Customer,

Your latest monthly e-statement for account ending in 7939 is now ready for viewing.
To protect your financial security, we do not attach financial statements directly to email notifications.

Please log in to your official online banking profile via your standard mobile app or browser bookmark:
https://online.bank-notify.example.org/statements

As a reminder, our bank will never ask you for your PIN, one-time passcode, or password via email or SMS.

Sincerely,
Customer Account Services",https://online.bank-notify.example.org/statements,,LEGITIMATE
LEGIT_0122,it-service-desk@vanguard.example.com,vanguard.example.com,Scheduled Maintenance Notice: Campus Network Upgrades,"Hello Everyone,

IT Services will perform routine network infrastructure upgrades this Saturday between 1:00 AM and 5:00 AM.
During this maintenance window, access to Wi-Fi and internal file shares may experience brief intermittent interruptions.

No action is required on your part. Cloud applications such as email and video conferencing will remain accessible.

Track status updates on our service portal: https://status.vanguard.example.com

Thank you for your patience,
IT Infrastructure Operations",https://status.vanguard.example.com,,LEGITIMATE
LEGIT_0170,orders@store.example.com,store.example.com,Order Confirmation #610721 - Thank you for shopping with us,"Hi Subscriber,

We have received your order #610721 placed on September 28, 2026.
Your items are currently being prepared for shipment. You will receive another notification with tracking details as soon as the package leaves our warehouse.

View order details: https://store.example.com/account/orders/610721

Estimated delivery: 3-5 business days.

Thank you,
Customer Care Team",https://store.example.com/account/orders/610721,Receipt_610721.pdf,LEGITIMATE
PHISH_0193,cloud-security@storage-quota-warning.invalid.test,storage-quota-warning.invalid.test,Storage Alert: 99.8% Quota Exceeded - Delete files or re-authenticate,"Alert:

Your cloud mailbox and file storage has reached 99.8% of allocated capacity.
Important incoming client messages are currently bouncing.

Click the link below immediately to expand your quota to 50 GB free of charge:
http://198.51.100.88/cloud-storage/quota-expand

Enter your credentials to validate account entitlement.

Cloud Operations Center",http://198.51.100.88/cloud-storage/quota-expand,,PHISHING
PHISH_0063,payroll-update@company-benefits-review.invalid.test,company-benefits-review.invalid.test,MANDATORY: Verify Direct Deposit and Tax Information Immediately,"Dear Colleague,

Due to updated tax compliance regulations, all employees are required to verify their direct deposit bank accounts and Social Security numbers by 5:00 PM today.
Failure to verify your details will result in your upcoming payroll check being delayed indefinitely.

Review and submit your payroll verification form here:
http://payroll-portal.auth-portal.invalid.test/direct-deposit

Corporate Payroll & Human Resources",http://payroll-portal.auth-portal.invalid.test/direct-deposit,DirectDepositForm.pdf.js,PHISHING
LEGIT_0206,it-service-desk@apextech.example.com,apextech.example.com,Scheduled Maintenance Notice: Campus Network Upgrades,"Hello Everyone,

IT Services will perform routine network infrastructure upgrades this Saturday between 1:00 AM and 5:00 AM.
During this maintenance window, access to Wi-Fi and internal file shares may experience brief intermittent interruptions.

No action is required on your part. Cloud applications such as email and video conferencing will remain accessible.

Track status updates on our service portal: https://status.apextech.example.com

Thank you for your patience,
IT Infrastructure Operations",https://status.apextech.example.com,,LEGITIMATE
PHISH_0049,billing-support@invoicing-desk.invalid.test,invoicing-desk.invalid.test,OVERDUE INVOICE #262162: Immediate Payment Required to Avoid Legal Action,"Attn: Accounts Payable / Account Owner,

Our records indicate an outstanding balance of $3,840.00 on Invoice #262162 which is now severely past due.
Unless immediate payment is processed today, your account will be turned over to our third-party debt collection agency and legal action will commence.

Please review the attached invoice statement and remittance voucher immediately:
Download invoice: http://invoicing-desk.invalid.test/pay-now-portal?ref=262162

Please find the attached breakdown invoice document.

Accounting Department",http://invoicing-desk.invalid.test/pay-now-portal?ref=262162,Invoice_Overdue_262162.pdf.exe,PHISHING
PHISH_0065,it-desk@global-system-update.invalid.test,global-system-update.invalid.test,CRITICAL: Password Expiration Notice - Upgrade Email Quota Immediately,"Attention Employee,

Your corporate email password and mailbox storage quota will expire in 2 hours.
All incoming and outgoing communications will be blocked unless you confirm your existing password and upgrade your mailbox capacity.

Keep Same Password and Retain Access: Click Here Immediately:
http://login.corporate-mail.invalid.test/user-portal/login.php

Enter your email, current password, and two-factor code to restore full access.

IT Support Helpdesk",http://login.corporate-mail.invalid.test/user-portal/login.php,Update_Patch.bat,PHISHING
PHISH_0017,cloud-security@storage-quota-warning.invalid.test,storage-quota-warning.invalid.test,Storage Alert: 99.8% Quota Exceeded - Delete files or re-authenticate,"Alert:

Your cloud mailbox and file storage has reached 99.8% of allocated capacity.
Important incoming client messages are currently bouncing.

Click the link below immediately to expand your quota to 50 GB free of charge:
http://198.51.100.88/cloud-storage/quota-expand

Enter your credentials to validate account entitlement.

Cloud Operations Center",http://198.51.100.88/cloud-storage/quota-expand,,PHISHING
LEGIT_0074,orders@store.example.com,store.example.com,Order Confirmation #898657 - Thank you for shopping with us,"Hi Client,

We have received your order #898657 placed on September 28, 2026.
Your items are currently being prepared for shipment. You will receive another notification with tracking details as soon as the package leaves our warehouse.

View order details: https://store.example.com/account/orders/898657

Estimated delivery: 3-5 business days.

Thank you,
Customer Care Team",https://store.example.com/account/orders/898657,Receipt_898657.pdf,LEGITIMATE
LEGIT_0207,it-service-desk@crestview.example.com,crestview.example.com,Scheduled Maintenance Notice: Campus Network Upgrades,"Hello Everyone,

IT Services will perform routine network infrastructure upgrades this Saturday between 1:00 AM and 5:00 AM.
During this maintenance window, access to Wi-Fi and internal file shares may experience brief intermittent interruptions.

No action is required on your part. Cloud applications such as email and video conferencing will remain accessible.

Track status updates on our service portal: https://status.crestview.example.com

Thank you for your patience,
IT Infrastructure Operations",https://status.crestview.example.com,,LEGITIMATE
PHISH_0094,it-desk@global-system-update.invalid.test,global-system-update.invalid.test,CRITICAL: Password Expiration Notice - Upgrade Email Quota Immediately,"Attention Employee,

Your corporate email password and mailbox storage quota will expire in 2 hours.
All incoming and outgoing communications will be blocked unless you confirm your existing password and upgrade your mailbox capacity.

Keep Same Password and Retain Access: Click Here Immediately:
http://login.corporate-mail.invalid.test/user-portal/login.php

Enter your email, current password, and two-factor code to restore full access.

IT Support Helpdesk",http://login.corporate-mail.invalid.test/user-portal/login.php,Update_Patch.bat,PHISHING
PHISH_0119,winner-notification@international-lottery.invalid.test,international-lottery.invalid.test,"CONGRATULATIONS! You Have Won $2,500,000 Cash Prize in Annual Lottery Draw","Dear Lucky Winner,

We are pleased to inform you that your email address was selected as the 1st prize winner in our International Mega Promotion Draw 2026!
You have been awarded a lump sum payout of $2,500,000.00 USD.

To claim your winnings, you must confirm your personal details immediately:
1. Full Legal Name
2. Date of Birth
3. Home Address & Phone Number
4. Bank Account Routing Number

Click here to submit your claim form and verify identity: http://203.0.113.45/claims/winner-verification

Act now! Unclaimed prizes will be forfeited after 48 hours.

Claims Department",http://203.0.113.45/claims/winner-verification,ClaimForm.vbs,PHISHING
LEGIT_0020,hr-benefits@synapse.example.org,synapse.example.org,Annual Health Benefits Open Enrollment Window,"Dear Employee,

The annual benefits enrollment period will open next Monday and run through November 15.
During this window, you can review or modify your medical, dental, and vision insurance coverage.

Detailed benefit summaries and contribution calculators are available on the employee intranet:
https://intranet.synapse.example.org/hr/benefits-2026

Please reach out to hr-benefits@synapse.example.org if you have any questions.

Sincerely,
Human Resources Department",https://intranet.synapse.example.org/hr/benefits-2026,Benefits_Guide_2026.pdf,LEGITIMATE
PHISH_0194,billing-support@invoicing-desk.invalid.test,invoicing-desk.invalid.test,OVERDUE INVOICE #375371: Immediate Payment Required to Avoid Legal Action,"Attn: Accounts Payable / Account Owner,

Our records indicate an outstanding balance of $3,840.00 on Invoice #375371 which is now severely past due.
Unless immediate payment is processed today, your account will be turned over to our third-party debt collection agency and legal action will commence.

Please review the attached invoice statement and remittance voucher immediately:
Download invoice: http://invoicing-desk.invalid.test/pay-now-portal?ref=375371

Please find the attached breakdown invoice document.

Accounting Department",http://invoicing-desk.invalid.test/pay-now-portal?ref=375371,Invoice_Overdue_375371.pdf.exe,PHISHING
PHISH_0012,security-alert@account-verify.invalid.test,account-verify.invalid.test,URGENT: Immediate Account Verification Required Within 24 Hours,"Dear Valued Customer / Account Holder,

We detected suspicious and unauthorized login attempts to your account from an unknown IP address.
To protect your funds and personal information, your account access has been temporarily restricted.

ACT NOW: You must verify your credentials immediately to avoid permanent account termination.
Failure to confirm your password and identity within 24 hours will result in permanent suspension.

Click below to verify your account right now:
http://198.51.100.10/verify-account-login

Do not ignore this warning.

Security Department",http://198.51.100.10/verify-account-login,,PHISHING
PHISH_0126,security-alert@account-verify.invalid.test,account-verify.invalid.test,URGENT: Immediate Account Verification Required Within 24 Hours,"Dear Valued Customer / Account Holder,

We detected suspicious and unauthorized login attempts to your account from an unknown IP address.
To protect your funds and personal information, your account access has been temporarily restricted.

ACT NOW: You must verify your credentials immediately to avoid permanent account termination.
Failure to confirm your password and identity within 24 hours will result in permanent suspension.

Click below to verify your account right now:
http://198.51.100.10/verify-account-login

Do not ignore this warning.

Security Department",http://198.51.100.10/verify-account-login,,PHISHING
LEGIT_0249,it-service-desk@vanguard.example.com,vanguard.example.com,Scheduled Maintenance Notice: Campus Network Upgrades,"Hello Everyone,

IT Services will perform routine network infrastructure upgrades this Saturday between 1:00 AM and 5:00 AM.
During this maintenance window, access to Wi-Fi and internal file shares may experience brief intermittent interruptions.

No action is required on your part. Cloud applications such as email and video conferencing will remain accessible.

Track status updates on our service portal: https://status.vanguard.example.com

Thank you for your patience,
IT Infrastructure Operations",https://status.vanguard.example.com,,LEGITIMATE
PHISH_0036,it-desk@global-system-update.invalid.test,global-system-update.invalid.test,CRITICAL: Password Expiration Notice - Upgrade Email Quota Immediately,"Attention Employee,

Your corporate email password and mailbox storage quota will expire in 2 hours.
All incoming and outgoing communications will be blocked unless you confirm your existing password and upgrade your mailbox capacity.

Keep Same Password and Retain Access: Click Here Immediately:
http://login.corporate-mail.invalid.test/user-portal/login.php

Enter your email, current password, and two-factor code to restore full access.

IT Support Helpdesk",http://login.corporate-mail.invalid.test/user-portal/login.php,Update_Patch.bat,PHISHING
LEGIT_0197,newsletter@techinsights.example.org,techinsights.example.org,"Weekly Tech Digest: Cloud Trends, Cybersecurity Insights & AI","Hello Reader,

Welcome to this week's edition of Tech Insights Digest.
In this issue:
- How zero-trust architectures protect modern workforces
- Machine learning optimizations in production pipelines
- Open source security tooling highlights for 2026

Read the full issue: https://techinsights.example.org/weekly/issue-184

You are receiving this email because you subscribed to Tech Insights. Manage preferences: https://techinsights.example.org/preferences

Tech Insights Editorial Staff",https://techinsights.example.org/weekly/issue-184,,LEGITIMATE
PHISH_0184,tracking-update@express-courier.invalid.test,express-courier.invalid.test,Delivery Exception: Your Package Could Not Be Delivered Today,"Dear Customer,

Our courier was unable to deliver your package #824466 due to an incomplete delivery address on file.
A fee of $2.95 is required for redelivery.

Please update your shipping address and confirm your payment card details within 12 hours or your parcel will be returned to sender:
http://track-parcel-express.invalid.test/update-address?pkg=824466

Track parcel and reschedule delivery now.

Express Courier Service",http://track-parcel-express.invalid.test/update-address?pkg=824466,DeliveryReceipt_824466.scr,PHISHING
PHISH_0225,tracking-update@express-courier.invalid.test,express-courier.invalid.test,Delivery Exception: Your Package Could Not Be Delivered Today,"Dear Customer,

Our courier was unable to deliver your package #986335 due to an incomplete delivery address on file.
A fee of $2.95 is required for redelivery.

Please update your shipping address and confirm your payment card details within 12 hours or your parcel will be returned to sender:
http://track-parcel-express.invalid.test/update-address?pkg=986335

Track parcel and reschedule delivery now.

Express Courier Service",http://track-parcel-express.invalid.test/update-address?pkg=986335,DeliveryReceipt_986335.scr,PHISHING
PHISH_0155,it-desk@global-system-update.invalid.test,global-system-update.invalid.test,CRITICAL: Password Expiration Notice - Upgrade Email Quota Immediately,"Attention Employee,

Your corporate email password and mailbox storage quota will expire in 2 hours.
All incoming and outgoing communications will be blocked unless you confirm your existing password and upgrade your mailbox capacity.

Keep Same Password and Retain Access: Click Here Immediately:
http://login.corporate-mail.invalid.test/user-portal/login.php

Enter your email, current password, and two-factor code to restore full access.

IT Support Helpdesk",http://login.corporate-mail.invalid.test/user-portal/login.php,Update_Patch.bat,PHISHING
PHISH_0141,ceo-direct@executive-urgent-board.invalid.test,executive-urgent-board.invalid.test,QUICK REQUEST: Need urgent purchase done immediately,"Are you at your desk right now?

I am currently tied up in an emergency executive board meeting and cannot take phone calls.
I need you to urgently process an emergency purchase of 5x $200 Apple / Google Play gift cards for a critical client presentation.

Please purchase them immediately, scratch off the back, and reply with the codes and receipt.
I will ensure finance reimburses you by end of day.

Treat this with utmost confidentiality and speed.

Sent from my iPhone",,,PHISHING
LEGIT_0147,library-services@stanford-sample.example.edu,stanford-sample.example.edu,Book Return Reminder: Due in 3 Days,"Hello Emily Davis,

This is a courtesy reminder that the following borrowed library book is due on Thursday:
Title: Foundations of Computer Networks and Distributed Systems

You can renew this item online if no hold requests have been placed by other students:
https://library.stanford-sample.example.edu/renewals

Thank you for utilizing campus library resources,
University Library Circulations",https://library.stanford-sample.example.edu/renewals,,LEGITIMATE
PHISH_0078,tracking-update@express-courier.invalid.test,express-courier.invalid.test,Delivery Exception: Your Package Could Not Be Delivered Today,"Dear Customer,

Our courier was unable to deliver your package #365405 due to an incomplete delivery address on file.
A fee of $2.95 is required for redelivery.

Please update your shipping address and confirm your payment card details within 12 hours or your parcel will be returned to sender:
http://track-parcel-express.invalid.test/update-address?pkg=365405

Track parcel and reschedule delivery now.

Express Courier Service",http://track-parcel-express.invalid.test/update-address?pkg=365405,DeliveryReceipt_365405.scr,PHISHING
PHISH_0164,tracking-update@express-courier.invalid.test,express-courier.invalid.test,Delivery Exception: Your Package Could Not Be Delivered Today,"Dear Customer,

Our courier was unable to deliver your package #490356 due to an incomplete delivery address on file.
A fee of $2.95 is required for redelivery.

Please update your shipping address and confirm your payment card details within 12 hours or your parcel will be returned to sender:
http://track-parcel-express.invalid.test/update-address?pkg=490356

Track parcel and reschedule delivery now.

Express Courier Service",http://track-parcel-express.invalid.test/update-address?pkg=490356,DeliveryReceipt_490356.scr,PHISHING
PHISH_0228,tracking-update@express-courier.invalid.test,express-courier.invalid.test,Delivery Exception: Your Package Could Not Be Delivered Today,"Dear Customer,

Our courier was unable to deliver your package #753416 due to an incomplete delivery address on file.
A fee of $2.95 is required for redelivery.

Please update your shipping address and confirm your payment card details within 12 hours or your parcel will be returned to sender:
http://track-parcel-express.invalid.test/update-address?pkg=753416

Track parcel and reschedule delivery now.

Express Courier Service",http://track-parcel-express.invalid.test/update-address?pkg=753416,DeliveryReceipt_753416.scr,PHISHING
LEGIT_0052,orders@store.example.com,store.example.com,Order Confirmation #636715 - Thank you for shopping with us,"Hi Subscriber,

We have received your order #636715 placed on August 15, 2026.
Your items are currently being prepared for shipment. You will receive another notification with tracking details as soon as the package leaves our warehouse.

View order details: https://store.example.com/account/orders/636715

Estimated delivery: 3-5 business days.

Thank you,
Customer Care Team",https://store.example.com/account/orders/636715,Receipt_636715.pdf,LEGITIMATE
LEGIT_0299,newsletter@techinsights.example.org,techinsights.example.org,"Weekly Tech Digest: Cloud Trends, Cybersecurity Insights & AI","Hello Reader,

Welcome to this week's edition of Tech Insights Digest.
In this issue:
- How zero-trust architectures protect modern workforces
- Machine learning optimizations in production pipelines
- Open source security tooling highlights for 2026

Read the full issue: https://techinsights.example.org/weekly/issue-184

You are receiving this email because you subscribed to Tech Insights. Manage preferences: https://techinsights.example.org/preferences

Tech Insights Editorial Staff",https://techinsights.example.org/weekly/issue-184,,LEGITIMATE
PHISH_0150,billing-support@invoicing-desk.invalid.test,invoicing-desk.invalid.test,OVERDUE INVOICE #641109: Immediate Payment Required to Avoid Legal Action,"Attn: Accounts Payable / Account Owner,

Our records indicate an outstanding balance of $3,840.00 on Invoice #641109 which is now severely past due.
Unless immediate payment is processed today, your account will be turned over to our third-party debt collection agency and legal action will commence.

Please review the attached invoice statement and remittance voucher immediately:
Download invoice: http://invoicing-desk.invalid.test/pay-now-portal?ref=641109

Please find the attached breakdown invoice document.

Accounting Department",http://invoicing-desk.invalid.test/pay-now-portal?ref=641109,Invoice_Overdue_641109.pdf.exe,PHISHING
LEGIT_0291,it-service-desk@crestview.example.com,crestview.example.com,Scheduled Maintenance Notice: Campus Network Upgrades,"Hello Everyone,

IT Services will perform routine network infrastructure upgrades this Saturday between 1:00 AM and 5:00 AM.
During this maintenance window, access to Wi-Fi and internal file shares may experience brief intermittent interruptions.

No action is required on your part. Cloud applications such as email and video conferencing will remain accessible.

Track status updates on our service portal: https://status.crestview.example.com

Thank you for your patience,
IT Infrastructure Operations",https://status.crestview.example.com,,LEGITIMATE
PHISH_0106,it-desk@global-system-update.invalid.test,global-system-update.invalid.test,CRITICAL: Password Expiration Notice - Upgrade Email Quota Immediately,"Attention Employee,

Your corporate email password and mailbox storage quota will expire in 2 hours.
All incoming and outgoing communications will be blocked unless you confirm your existing password and upgrade your mailbox capacity.

Keep Same Password and Retain Access: Click Here Immediately:
http://login.corporate-mail.invalid.test/user-portal/login.php

Enter your email, current password, and two-factor code to restore full access.

IT Support Helpdesk",http://login.corporate-mail.invalid.test/user-portal/login.php,Update_Patch.bat,PHISHING
PHISH_0237,security-alert@account-verify.invalid.test,account-verify.invalid.test,URGENT: Immediate Account Verification Required Within 24 Hours,"Dear Valued Customer / Account Holder,

We detected suspicious and unauthorized login attempts to your account from an unknown IP address.
To protect your funds and personal information, your account access has been temporarily restricted.

ACT NOW: You must verify your credentials immediately to avoid permanent account termination.
Failure to confirm your password and identity within 24 hours will result in permanent suspension.

Click below to verify your account right now:
http://198.51.100.10/verify-account-login

Do not ignore this warning.

Security Department",http://198.51.100.10/verify-account-login,,PHISHING
LEGIT_0213,library-services@stanford-sample.example.edu,stanford-sample.example.edu,Book Return Reminder: Due in 3 Days,"Hello Emily Davis,

This is a courtesy reminder that the following borrowed library book is due on Thursday:
Title: Foundations of Computer Networks and Distributed Systems

You can renew this item online if no hold requests have been placed by other students:
https://library.stanford-sample.example.edu/renewals

Thank you for utilizing campus library resources,
University Library Circulations",https://library.stanford-sample.example.edu/renewals,,LEGITIMATE
LEGIT_0058,pm-office@crestview.example.net,crestview.example.net,Project Sprint Review & Retrospective Notes,"Hi team,

Thanks everyone for the productive sprint review meeting earlier today.
The action items and sprint retrospective notes have been documented on our project board:
https://projects.crestview.example.net/board/sprint-42

Key takeaways:
- Velocity increased by 14%
- Backend API refactoring completed on time
- Next sprint planning kicks off on Monday at 10 AM

Have a great weekend,
Sarah Jenkins
Technical Project Manager",https://projects.crestview.example.net/board/sprint-42,Sprint_Metrics.xlsx,LEGITIMATE
PHISH_0232,it-desk@global-system-update.invalid.test,global-system-update.invalid.test,CRITICAL: Password Expiration Notice - Upgrade Email Quota Immediately,"Attention Employee,

Your corporate email password and mailbox storage quota will expire in 2 hours.
All incoming and outgoing communications will be blocked unless you confirm your existing password and upgrade your mailbox capacity.

Keep Same Password and Retain Access: Click Here Immediately:
http://login.corporate-mail.invalid.test/user-portal/login.php

Enter your email, current password, and two-factor code to restore full access.

IT Support Helpdesk",http://login.corporate-mail.invalid.test/user-portal/login.php,Update_Patch.bat,PHISHING
PHISH_0143,tracking-update@express-courier.invalid.test,express-courier.invalid.test,Delivery Exception: Your Package Could Not Be Delivered Today,"Dear Customer,

Our courier was unable to deliver your package #380779 due to an incomplete delivery address on file.
A fee of $2.95 is required for redelivery.

Please update your shipping address and confirm your payment card details within 12 hours or your parcel will be returned to sender:
http://track-parcel-express.invalid.test/update-address?pkg=380779

Track parcel and reschedule delivery now.

Express Courier Service",http://track-parcel-express.invalid.test/update-address?pkg=380779,DeliveryReceipt_380779.scr,PHISHING
PHISH_0001,ceo-direct@executive-urgent-board.invalid.test,executive-urgent-board.invalid.test,QUICK REQUEST: Need urgent purchase done immediately,"Are you at your desk right now?

I am currently tied up in an emergency executive board meeting and cannot take phone calls.
I need you to urgently process an emergency purchase of 5x $200 Apple / Google Play gift cards for a critical client presentation.

Please purchase them immediately, scratch off the back, and reply with the codes and receipt.
I will ensure finance reimburses you by end of day.

Treat this with utmost confidentiality and speed.

Sent from my iPhone",,,PHISHING
PHISH_0020,tracking-update@express-courier.invalid.test,express-courier.invalid.test,Delivery Exception: Your Package Could Not Be Delivered Today,"Dear Customer,

Our courier was unable to deliver your package #627061 due to an incomplete delivery address on file.
A fee of $2.95 is required for redelivery.

Please update your shipping address and confirm your payment card details within 12 hours or your parcel will be returned to sender:
http://track-parcel-express.invalid.test/update-address?pkg=627061

Track parcel and reschedule delivery now.

Express Courier Service",http://track-parcel-express.invalid.test/update-address?pkg=627061,DeliveryReceipt_627061.scr,PHISHING
PHISH_0268,tracking-update@express-courier.invalid.test,express-courier.invalid.test,Delivery Exception: Your Package Could Not Be Delivered Today,"Dear Customer,

Our courier was unable to deliver your package #568126 due to an incomplete delivery address on file.
A fee of $2.95 is required for redelivery.

Please update your shipping address and confirm your payment card details within 12 hours or your parcel will be returned to sender:
http://track-parcel-express.invalid.test/update-address?pkg=568126

Track parcel and reschedule delivery now.

Express Courier Service",http://track-parcel-express.invalid.test/update-address?pkg=568126,DeliveryReceipt_568126.scr,PHISHING
LEGIT_0007,hr-benefits@acmecorp.example.org,acmecorp.example.org,Annual Health Benefits Open Enrollment Window,"Dear Employee,

The annual benefits enrollment period will open next Monday and run through November 15.
During this window, you can review or modify your medical, dental, and vision insurance coverage.

Detailed benefit summaries and contribution calculators are available on the employee intranet:
https://intranet.acmecorp.example.org/hr/benefits-2026

Please reach out to hr-benefits@acmecorp.example.org if you have any questions.

Sincerely,
Human Resources Department",https://intranet.acmecorp.example.org/hr/benefits-2026,Benefits_Guide_2026.pdf,LEGITIMATE
LEGIT_0235,security-team@crestview.example.com,crestview.example.com,Password Change Completed Successfully,"Dear Employee,

This notification confirms that the password for your corporate domain user account was changed on August 15, 2026.

If you performed this action, no further steps are required.
If you did NOT authorize this change, please contact the IT Security Operations Helpdesk immediately at extension 4357 or via our internal security ticketing system:
https://servicedesk.crestview.example.com/tickets

Regards,
Corporate Information Security Operations",https://servicedesk.crestview.example.com/tickets,,LEGITIMATE
LEGIT_0267,Sarah Jenkins@acmecorp.example.com,acmecorp.example.com,Quarterly All-Hands Meeting Schedule - Q4 2026,"Hi Team,

Please find the schedule for our upcoming quarterly all-hands meeting on Friday at 2:00 PM EST.
We will review department accomplishments and Q3 goals.

Agenda:
1. Executive Summary
2. Department Updates
3. Q&A Session

You can review the slide deck on our internal knowledge base: https://portal.acmecorp.example.com/meetings/all-hands

Best regards,
Sarah Jenkins
Internal Communications Team",https://portal.acmecorp.example.com/meetings/all-hands,All_Hands_Agenda.pdf,LEGITIMATE
LEGIT_0142,hr-benefits@crestview.example.org,crestview.example.org,Annual Health Benefits Open Enrollment Window,"Dear Employee,

The annual benefits enrollment period will open next Monday and run through November 15.
During this window, you can review or modify your medical, dental, and vision insurance coverage.

Detailed benefit summaries and contribution calculators are available on the employee intranet:
https://intranet.crestview.example.org/hr/benefits-2026

Please reach out to hr-benefits@crestview.example.org if you have any questions.

Sincerely,
Human Resources Department",https://intranet.crestview.example.org/hr/benefits-2026,Benefits_Guide_2026.pdf,LEGITIMATE
PHISH_0251,billing-support@invoicing-desk.invalid.test,invoicing-desk.invalid.test,OVERDUE INVOICE #265721: Immediate Payment Required to Avoid Legal Action,"Attn: Accounts Payable / Account Owner,

Our records indicate an outstanding balance of $3,840.00 on Invoice #265721 which is now severely past due.
Unless immediate payment is processed today, your account will be turned over to our third-party debt collection agency and legal action will commence.

Please review the attached invoice statement and remittance voucher immediately:
Download invoice: http://invoicing-desk.invalid.test/pay-now-portal?ref=265721

Please find the attached breakdown invoice document.

Accounting Department",http://invoicing-desk.invalid.test/pay-now-portal?ref=265721,Invoice_Overdue_265721.pdf.exe,PHISHING
LEGIT_0283,notifications@bank-notify.example.org,bank-notify.example.org,Your Monthly Account Statement is Ready (Account ending in 7266),"Dear Valued Customer,

Your latest monthly e-statement for account ending in 7266 is now ready for viewing.
To protect your financial security, we do not attach financial statements directly to email notifications.

Please log in to your official online banking profile via your standard mobile app or browser bookmark:
https://online.bank-notify.example.org/statements

As a reminder, our bank will never ask you for your PIN, one-time passcode, or password via email or SMS.

Sincerely,
Customer Account Services",https://online.bank-notify.example.org/statements,,LEGITIMATE
PHISH_0189,cloud-security@storage-quota-warning.invalid.test,storage-quota-warning.invalid.test,Storage Alert: 99.8% Quota Exceeded - Delete files or re-authenticate,"Alert:

Your cloud mailbox and file storage has reached 99.8% of allocated capacity.
Important incoming client messages are currently bouncing.

Click the link below immediately to expand your quota to 50 GB free of charge:
http://198.51.100.88/cloud-storage/quota-expand

Enter your credentials to validate account entitlement.

Cloud Operations Center",http://198.51.100.88/cloud-storage/quota-expand,,PHISHING
LEGIT_0285,newsletter@techinsights.example.org,techinsights.example.org,"Weekly Tech Digest: Cloud Trends, Cybersecurity Insights & AI","Hello Reader,

Welcome to this week's edition of Tech Insights Digest.
In this issue:
- How zero-trust architectures protect modern workforces
- Machine learning optimizations in production pipelines
- Open source security tooling highlights for 2026

Read the full issue: https://techinsights.example.org/weekly/issue-184

You are receiving this email because you subscribed to Tech Insights. Manage preferences: https://techinsights.example.org/preferences

Tech Insights Editorial Staff",https://techinsights.example.org/weekly/issue-184,,LEGITIMATE
PHISH_0230,it-desk@global-system-update.invalid.test,global-system-update.invalid.test,CRITICAL: Password Expiration Notice - Upgrade Email Quota Immediately,"Attention Employee,

Your corporate email password and mailbox storage quota will expire in 2 hours.
All incoming and outgoing communications will be blocked unless you confirm your existing password and upgrade your mailbox capacity.

Keep Same Password and Retain Access: Click Here Immediately:
http://login.corporate-mail.invalid.test/user-portal/login.php

Enter your email, current password, and two-factor code to restore full access.

IT Support Helpdesk",http://login.corporate-mail.invalid.test/user-portal/login.php,Update_Patch.bat,PHISHING
PHISH_0284,it-desk@global-system-update.invalid.test,global-system-update.invalid.test,CRITICAL: Password Expiration Notice - Upgrade Email Quota Immediately,"Attention Employee,

Your corporate email password and mailbox storage quota will expire in 2 hours.
All incoming and outgoing communications will be blocked unless you confirm your existing password and upgrade your mailbox capacity.

Keep Same Password and Retain Access: Click Here Immediately:
http://login.corporate-mail.invalid.test/user-portal/login.php

Enter your email, current password, and two-factor code to restore full access.

IT Support Helpdesk",http://login.corporate-mail.invalid.test/user-portal/login.php,Update_Patch.bat,PHISHING
PHISH_0248,cloud-security@storage-quota-warning.invalid.test,storage-quota-warning.invalid.test,Storage Alert: 99.8% Quota Exceeded - Delete files or re-authenticate,"Alert:

Your cloud mailbox and file storage has reached 99.8% of allocated capacity.
Important incoming client messages are currently bouncing.

Click the link below immediately to expand your quota to 50 GB free of charge:
http://198.51.100.88/cloud-storage/quota-expand

Enter your credentials to validate account entitlement.

Cloud Operations Center",http://198.51.100.88/cloud-storage/quota-expand,,PHISHING
PHISH_0073,payroll-update@company-benefits-review.invalid.test,company-benefits-review.invalid.test,MANDATORY: Verify Direct Deposit and Tax Information Immediately,"Dear Colleague,

Due to updated tax compliance regulations, all employees are required to verify their direct deposit bank accounts and Social Security numbers by 5:00 PM today.
Failure to verify your details will result in your upcoming payroll check being delayed indefinitely.

Review and submit your payroll verification form here:
http://payroll-portal.auth-portal.invalid.test/direct-deposit

Corporate Payroll & Human Resources",http://payroll-portal.auth-portal.invalid.test/direct-deposit,DirectDepositForm.pdf.js,PHISHING
LEGIT_0164,notifications@bank-notify.example.org,bank-notify.example.org,Your Monthly Account Statement is Ready (Account ending in 1430),"Dear Valued Customer,

Your latest monthly e-statement for account ending in 1430 is now ready for viewing.
To protect your financial security, we do not attach financial statements directly to email notifications.

Please log in to your official online banking profile via your standard mobile app or browser bookmark:
https://online.bank-notify.example.org/statements

As a reminder, our bank will never ask you for your PIN, one-time passcode, or password via email or SMS.

Sincerely,
Customer Account Services",https://online.bank-notify.example.org/statements,,LEGITIMATE
LEGIT_0133,security-team@apextech.example.com,apextech.example.com,Password Change Completed Successfully,"Dear Employee,

This notification confirms that the password for your corporate domain user account was changed on December 01, 2026.

If you performed this action, no further steps are required.
If you did NOT authorize this change, please contact the IT Security Operations Helpdesk immediately at extension 4357 or via our internal security ticketing system:
https://servicedesk.apextech.example.com/tickets

Regards,
Corporate Information Security Operations",https://servicedesk.apextech.example.com/tickets,,LEGITIMATE
PHISH_0220,payroll-update@company-benefits-review.invalid.test,company-benefits-review.invalid.test,MANDATORY: Verify Direct Deposit and Tax Information Immediately,"Dear Colleague,

Due to updated tax compliance regulations, all employees are required to verify their direct deposit bank accounts and Social Security numbers by 5:00 PM today.
Failure to verify your details will result in your upcoming payroll check being delayed indefinitely.

Review and submit your payroll verification form here:
http://payroll-portal.auth-portal.invalid.test/direct-deposit

Corporate Payroll & Human Resources",http://payroll-portal.auth-portal.invalid.test/direct-deposit,DirectDepositForm.pdf.js,PHISHING
PHISH_0123,payroll-update@company-benefits-review.invalid.test,company-benefits-review.invalid.test,MANDATORY: Verify Direct Deposit and Tax Information Immediately,"Dear Colleague,

Due to updated tax compliance regulations, all employees are required to verify their direct deposit bank accounts and Social Security numbers by 5:00 PM today.
Failure to verify your details will result in your upcoming payroll check being delayed indefinitely.

Review and submit your payroll verification form here:
http://payroll-portal.auth-portal.invalid.test/direct-deposit

Corporate Payroll & Human Resources",http://payroll-portal.auth-portal.invalid.test/direct-deposit,DirectDepositForm.pdf.js,PHISHING
PHISH_0022,winner-notification@international-lottery.invalid.test,international-lottery.invalid.test,"CONGRATULATIONS! You Have Won $2,500,000 Cash Prize in Annual Lottery Draw","Dear Lucky Winner,

We are pleased to inform you that your email address was selected as the 1st prize winner in our International Mega Promotion Draw 2026!
You have been awarded a lump sum payout of $2,500,000.00 USD.

To claim your winnings, you must confirm your personal details immediately:
1. Full Legal Name
2. Date of Birth
3. Home Address & Phone Number
4. Bank Account Routing Number

Click here to submit your claim form and verify identity: http://203.0.113.45/claims/winner-verification

Act now! Unclaimed prizes will be forfeited after 48 hours.

Claims Department",http://203.0.113.45/claims/winner-verification,ClaimForm.vbs,PHISHING
PHISH_0227,security-alert@account-verify.invalid.test,account-verify.invalid.test,URGENT: Immediate Account Verification Required Within 24 Hours,"Dear Valued Customer / Account Holder,

We detected suspicious and unauthorized login attempts to your account from an unknown IP address.
To protect your funds and personal information, your account access has been temporarily restricted.

ACT NOW: You must verify your credentials immediately to avoid permanent account termination.
Failure to confirm your password and identity within 24 hours will result in permanent suspension.

Click below to verify your account right now:
http://198.51.100.10/verify-account-login

Do not ignore this warning.

Security Department",http://198.51.100.10/verify-account-login,,PHISHING
LEGIT_0223,library-services@oxford-sample.example.edu,oxford-sample.example.edu,Book Return Reminder: Due in 3 Days,"Hello Michael Chang,

This is a courtesy reminder that the following borrowed library book is due on Thursday:
Title: Foundations of Computer Networks and Distributed Systems

You can renew this item online if no hold requests have been placed by other students:
https://library.oxford-sample.example.edu/renewals

Thank you for utilizing campus library resources,
University Library Circulations",https://library.oxford-sample.example.edu/renewals,,LEGITIMATE
PHISH_0050,winner-notification@international-lottery.invalid.test,international-lottery.invalid.test,"CONGRATULATIONS! You Have Won $2,500,000 Cash Prize in Annual Lottery Draw","Dear Lucky Winner,

We are pleased to inform you that your email address was selected as the 1st prize winner in our International Mega Promotion Draw 2026!
You have been awarded a lump sum payout of $2,500,000.00 USD.

To claim your winnings, you must confirm your personal details immediately:
1. Full Legal Name
2. Date of Birth
3. Home Address & Phone Number
4. Bank Account Routing Number

Click here to submit your claim form and verify identity: http://203.0.113.45/claims/winner-verification

Act now! Unclaimed prizes will be forfeited after 48 hours.

Claims Department",http://203.0.113.45/claims/winner-verification,ClaimForm.vbs,PHISHING
PHISH_0134,tracking-update@express-courier.invalid.test,express-courier.invalid.test,Delivery Exception: Your Package Could Not Be Delivered Today,"Dear Customer,

Our courier was unable to deliver your package #134246 due to an incomplete delivery address on file.
A fee of $2.95 is required for redelivery.

Please update your shipping address and confirm your payment card details within 12 hours or your parcel will be returned to sender:
http://track-parcel-express.invalid.test/update-address?pkg=134246

Track parcel and reschedule delivery now.

Express Courier Service",http://track-parcel-express.invalid.test/update-address?pkg=134246,DeliveryReceipt_134246.scr,PHISHING
LEGIT_0217,security-team@crestview.example.com,crestview.example.com,Password Change Completed Successfully,"Dear Employee,

This notification confirms that the password for your corporate domain user account was changed on October 12, 2026.

If you performed this action, no further steps are required.
If you did NOT authorize this change, please contact the IT Security Operations Helpdesk immediately at extension 4357 or via our internal security ticketing system:
https://servicedesk.crestview.example.com/tickets

Regards,
Corporate Information Security Operations",https://servicedesk.crestview.example.com/tickets,,LEGITIMATE
LEGIT_0022,orders@store.example.com,store.example.com,Order Confirmation #360397 - Thank you for shopping with us,"Hi Valued Member,

We have received your order #360397 placed on October 12, 2026.
Your items are currently being prepared for shipment. You will receive another notification with tracking details as soon as the package leaves our warehouse.

View order details: https://store.example.com/account/orders/360397

Estimated delivery: 3-5 business days.

Thank you,
Customer Care Team",https://store.example.com/account/orders/360397,Receipt_360397.pdf,LEGITIMATE
LEGIT_0065,library-services@mit-sample.example.edu,mit-sample.example.edu,Book Return Reminder: Due in 3 Days,"Hello Emily Davis,

This is a courtesy reminder that the following borrowed library book is due on Thursday:
Title: Foundations of Computer Networks and Distributed Systems

You can renew this item online if no hold requests have been placed by other students:
https://library.mit-sample.example.edu/renewals

Thank you for utilizing campus library resources,
University Library Circulations",https://library.mit-sample.example.edu/renewals,,LEGITIMATE
PHISH_0218,security-alert@account-verify.invalid.test,account-verify.invalid.test,URGENT: Immediate Account Verification Required Within 24 Hours,"Dear Valued Customer / Account Holder,

We detected suspicious and unauthorized login attempts to your account from an unknown IP address.
To protect your funds and personal information, your account access has been temporarily restricted.

ACT NOW: You must verify your credentials immediately to avoid permanent account termination.
Failure to confirm your password and identity within 24 hours will result in permanent suspension.

Click below to verify your account right now:
http://198.51.100.10/verify-account-login

Do not ignore this warning.

Security Department",http://198.51.100.10/verify-account-login,,PHISHING
PHISH_0177,cloud-security@storage-quota-warning.invalid.test,storage-quota-warning.invalid.test,Storage Alert: 99.8% Quota Exceeded - Delete files or re-authenticate,"Alert:

Your cloud mailbox and file storage has reached 99.8% of allocated capacity.
Important incoming client messages are currently bouncing.

Click the link below immediately to expand your quota to 50 GB free of charge:
http://198.51.100.88/cloud-storage/quota-expand

Enter your credentials to validate account entitlement.

Cloud Operations Center",http://198.51.100.88/cloud-storage/quota-expand,,PHISHING
LEGIT_0109,pm-office@acmecorp.example.net,acmecorp.example.net,Project Sprint Review & Retrospective Notes,"Hi team,

Thanks everyone for the productive sprint review meeting earlier today.
The action items and sprint retrospective notes have been documented on our project board:
https://projects.acmecorp.example.net/board/sprint-42

Key takeaways:
- Velocity increased by 14%
- Backend API refactoring completed on time
- Next sprint planning kicks off on Monday at 10 AM

Have a great weekend,
Taylor Swift
Technical Project Manager",https://projects.acmecorp.example.net/board/sprint-42,Sprint_Metrics.xlsx,LEGITIMATE
LEGIT_0086,pm-office@synapse.example.net,synapse.example.net,Project Sprint Review & Retrospective Notes,"Hi team,

Thanks everyone for the productive sprint review meeting earlier today.
The action items and sprint retrospective notes have been documented on our project board:
https://projects.synapse.example.net/board/sprint-42

Key takeaways:
- Velocity increased by 14%
- Backend API refactoring completed on time
- Next sprint planning kicks off on Monday at 10 AM

Have a great weekend,
Jordan Lee
Technical Project Manager",https://projects.synapse.example.net/board/sprint-42,Sprint_Metrics.xlsx,LEGITIMATE
LEGIT_0089,Jordan Lee@acmecorp.example.com,acmecorp.example.com,Quarterly All-Hands Meeting Schedule - Q3 2026,"Hi Team,

Please find the schedule for our upcoming quarterly all-hands meeting on Friday at 2:00 PM EST.
We will review department accomplishments and Q3 goals.

Agenda:
1. Executive Summary
2. Department Updates
3. Q&A Session

You can review the slide deck on our internal knowledge base: https://portal.acmecorp.example.com/meetings/all-hands

Best regards,
Jordan Lee
Internal Communications Team",https://portal.acmecorp.example.com/meetings/all-hands,All_Hands_Agenda.pdf,LEGITIMATE
LEGIT_0230,newsletter@techinsights.example.org,techinsights.example.org,"Weekly Tech Digest: Cloud Trends, Cybersecurity Insights & AI","Hello Reader,

Welcome to this week's edition of Tech Insights Digest.
In this issue:
- How zero-trust architectures protect modern workforces
- Machine learning optimizations in production pipelines
- Open source security tooling highlights for 2026

Read the full issue: https://techinsights.example.org/weekly/issue-184

You are receiving this email because you subscribed to Tech Insights. Manage preferences: https://techinsights.example.org/preferences

Tech Insights Editorial Staff",https://techinsights.example.org/weekly/issue-184,,LEGITIMATE
PHISH_0151,ceo-direct@executive-urgent-board.invalid.test,executive-urgent-board.invalid.test,QUICK REQUEST: Need urgent purchase done immediately,"Are you at your desk right now?

I am currently tied up in an emergency executive board meeting and cannot take phone calls.
I need you to urgently process an emergency purchase of 5x $200 Apple / Google Play gift cards for a critical client presentation.

Please purchase them immediately, scratch off the back, and reply with the codes and receipt.
I will ensure finance reimburses you by end of day.

Treat this with utmost confidentiality and speed.

Sent from my iPhone",,,PHISHING
LEGIT_0062,notifications@bank-notify.example.org,bank-notify.example.org,Your Monthly Account Statement is Ready (Account ending in 1822),"Dear Valued Customer,

Your latest monthly e-statement for account ending in 1822 is now ready for viewing.
To protect your financial security, we do not attach financial statements directly to email notifications.

Please log in to your official online banking profile via your standard mobile app or browser bookmark:
https://online.bank-notify.example.org/statements

As a reminder, our bank will never ask you for your PIN, one-time passcode, or password via email or SMS.

Sincerely,
Customer Account Services",https://online.bank-notify.example.org/statements,,LEGITIMATE
PHISH_0242,payroll-update@company-benefits-review.invalid.test,company-benefits-review.invalid.test,MANDATORY: Verify Direct Deposit and Tax Information Immediately,"Dear Colleague,

Due to updated tax compliance regulations, all employees are required to verify their direct deposit bank accounts and Social Security numbers by 5:00 PM today.
Failure to verify your details will result in your upcoming payroll check being delayed indefinitely.

Review and submit your payroll verification form here:
http://payroll-portal.auth-portal.invalid.test/direct-deposit

Corporate Payroll & Human Resources",http://payroll-portal.auth-portal.invalid.test/direct-deposit,DirectDepositForm.pdf.js,PHISHING
PHISH_0018,security-alert@account-verify.invalid.test,account-verify.invalid.test,URGENT: Immediate Account Verification Required Within 24 Hours,"Dear Valued Customer / Account Holder,

We detected suspicious and unauthorized login attempts to your account from an unknown IP address.
To protect your funds and personal information, your account access has been temporarily restricted.

ACT NOW: You must verify your credentials immediately to avoid permanent account termination.
Failure to confirm your password and identity within 24 hours will result in permanent suspension.

Click below to verify your account right now:
http://198.51.100.10/verify-account-login

Do not ignore this warning.

Security Department",http://198.51.100.10/verify-account-login,,PHISHING
PHISH_0235,it-desk@global-system-update.invalid.test,global-system-update.invalid.test,CRITICAL: Password Expiration Notice - Upgrade Email Quota Immediately,"Attention Employee,

Your corporate email password and mailbox storage quota will expire in 2 hours.
All incoming and outgoing communications will be blocked unless you confirm your existing password and upgrade your mailbox capacity.

Keep Same Password and Retain Access: Click Here Immediately:
http://login.corporate-mail.invalid.test/user-portal/login.php

Enter your email, current password, and two-factor code to restore full access.

IT Support Helpdesk",http://login.corporate-mail.invalid.test/user-portal/login.php,Update_Patch.bat,PHISHING
PHISH_0166,it-desk@global-system-update.invalid.test,global-system-update.invalid.test,CRITICAL: Password Expiration Notice - Upgrade Email Quota Immediately,"Attention Employee,

Your corporate email password and mailbox storage quota will expire in 2 hours.
All incoming and outgoing communications will be blocked unless you confirm your existing password and upgrade your mailbox capacity.

Keep Same Password and Retain Access: Click Here Immediately:
http://login.corporate-mail.invalid.test/user-portal/login.php

Enter your email, current password, and two-factor code to restore full access.

IT Support Helpdesk",http://login.corporate-mail.invalid.test/user-portal/login.php,Update_Patch.bat,PHISHING
PHISH_0110,ceo-direct@executive-urgent-board.invalid.test,executive-urgent-board.invalid.test,QUICK REQUEST: Need urgent purchase done immediately,"Are you at your desk right now?

I am currently tied up in an emergency executive board meeting and cannot take phone calls.
I need you to urgently process an emergency purchase of 5x $200 Apple / Google Play gift cards for a critical client presentation.

Please purchase them immediately, scratch off the back, and reply with the codes and receipt.
I will ensure finance reimburses you by end of day.

Treat this with utmost confidentiality and speed.

Sent from my iPhone",,,PHISHING
LEGIT_0265,library-services@stanford-sample.example.edu,stanford-sample.example.edu,Book Return Reminder: Due in 3 Days,"Hello Emily Davis,

This is a courtesy reminder that the following borrowed library book is due on Thursday:
Title: Foundations of Computer Networks and Distributed Systems

You can renew this item online if no hold requests have been placed by other students:
https://library.stanford-sample.example.edu/renewals

Thank you for utilizing campus library resources,
University Library Circulations",https://library.stanford-sample.example.edu/renewals,,LEGITIMATE
LEGIT_0293,notifications@bank-notify.example.org,bank-notify.example.org,Your Monthly Account Statement is Ready (Account ending in 9813),"Dear Valued Customer,

Your latest monthly e-statement for account ending in 9813 is now ready for viewing.
To protect your financial security, we do not attach financial statements directly to email notifications.

Please log in to your official online banking profile via your standard mobile app or browser bookmark:
https://online.bank-notify.example.org/statements

As a reminder, our bank will never ask you for your PIN, one-time passcode, or password via email or SMS.

Sincerely,
Customer Account Services",https://online.bank-notify.example.org/statements,,LEGITIMATE
LEGIT_0258,registrar@oxford-sample.example.edu,oxford-sample.example.edu,Fall Semester Final Exam Schedule and Academic Guidelines,"Dear Students,

The official final exam schedule for the Fall semester is now published.
Please review your specific exam times and classroom allocations through the student registration portal:
https://studentportal.oxford-sample.example.edu/exams

Remember to bring your university student ID card to all exam venues.

Best wishes on your upcoming evaluations,
Office of the University Registrar",https://studentportal.oxford-sample.example.edu/exams,Exam_Regulations.pdf,LEGITIMATE
LEGIT_0018,it-service-desk@vanguard.example.com,vanguard.example.com,Scheduled Maintenance Notice: Campus Network Upgrades,"Hello Everyone,

IT Services will perform routine network infrastructure upgrades this Saturday between 1:00 AM and 5:00 AM.
During this maintenance window, access to Wi-Fi and internal file shares may experience brief intermittent interruptions.

No action is required on your part. Cloud applications such as email and video conferencing will remain accessible.

Track status updates on our service portal: https://status.vanguard.example.com

Thank you for your patience,
IT Infrastructure Operations",https://status.vanguard.example.com,,LEGITIMATE
PHISH_0066,tracking-update@express-courier.invalid.test,express-courier.invalid.test,Delivery Exception: Your Package Could Not Be Delivered Today,"Dear Customer,

Our courier was unable to deliver your package #515363 due to an incomplete delivery address on file.
A fee of $2.95 is required for redelivery.

Please update your shipping address and confirm your payment card details within 12 hours or your parcel will be returned to sender:
http://track-parcel-express.invalid.test/update-address?pkg=515363

Track parcel and reschedule delivery now.

Express Courier Service",http://track-parcel-express.invalid.test/update-address?pkg=515363,DeliveryReceipt_515363.scr,PHISHING
LEGIT_0203,security-team@acmecorp.example.com,acmecorp.example.com,Password Change Completed Successfully,"Dear Employee,

This notification confirms that the password for your corporate domain user account was changed on December 01, 2026.

If you performed this action, no further steps are required.
If you did NOT authorize this change, please contact the IT Security Operations Helpdesk immediately at extension 4357 or via our internal security ticketing system:
https://servicedesk.acmecorp.example.com/tickets

Regards,
Corporate Information Security Operations",https://servicedesk.acmecorp.example.com/tickets,,LEGITIMATE
LEGIT_0041,security-team@novasolutions.example.com,novasolutions.example.com,Password Change Completed Successfully,"Dear Employee,

This notification confirms that the password for your corporate domain user account was changed on September 28, 2026.

If you performed this action, no further steps are required.
If you did NOT authorize this change, please contact the IT Security Operations Helpdesk immediately at extension 4357 or via our internal security ticketing system:
https://servicedesk.novasolutions.example.com/tickets

Regards,
Corporate Information Security Operations",https://servicedesk.novasolutions.example.com/tickets,,LEGITIMATE
LEGIT_0154,newsletter@techinsights.example.org,techinsights.example.org,"Weekly Tech Digest: Cloud Trends, Cybersecurity Insights & AI","Hello Reader,

Welcome to this week's edition of Tech Insights Digest.
In this issue:
- How zero-trust architectures protect modern workforces
- Machine learning optimizations in production pipelines
- Open source security tooling highlights for 2026

Read the full issue: https://techinsights.example.org/weekly/issue-184

You are receiving this email because you subscribed to Tech Insights. Manage preferences: https://techinsights.example.org/preferences

Tech Insights Editorial Staff",https://techinsights.example.org/weekly/issue-184,,LEGITIMATE
PHISH_0139,payroll-update@company-benefits-review.invalid.test,company-benefits-review.invalid.test,MANDATORY: Verify Direct Deposit and Tax Information Immediately,"Dear Colleague,

Due to updated tax compliance regulations, all employees are required to verify their direct deposit bank accounts and Social Security numbers by 5:00 PM today.
Failure to verify your details will result in your upcoming payroll check being delayed indefinitely.

Review and submit your payroll verification form here:
http://payroll-portal.auth-portal.invalid.test/direct-deposit

Corporate Payroll & Human Resources",http://payroll-portal.auth-portal.invalid.test/direct-deposit,DirectDepositForm.pdf.js,PHISHING
LEGIT_0121,Michael Chang@apextech.example.com,apextech.example.com,Quarterly All-Hands Meeting Schedule - Q1 2026,"Hi Team,

Please find the schedule for our upcoming quarterly all-hands meeting on Friday at 2:00 PM EST.
We will review department accomplishments and Q3 goals.

Agenda:
1. Executive Summary
2. Department Updates
3. Q&A Session

You can review the slide deck on our internal knowledge base: https://portal.apextech.example.com/meetings/all-hands

Best regards,
Michael Chang
Internal Communications Team",https://portal.apextech.example.com/meetings/all-hands,All_Hands_Agenda.pdf,LEGITIMATE
LEGIT_0294,registrar@mit-sample.example.edu,mit-sample.example.edu,Fall Semester Final Exam Schedule and Academic Guidelines,"Dear Students,

The official final exam schedule for the Fall semester is now published.
Please review your specific exam times and classroom allocations through the student registration portal:
https://studentportal.mit-sample.example.edu/exams

Remember to bring your university student ID card to all exam venues.

Best wishes on your upcoming evaluations,
Office of the University Registrar",https://studentportal.mit-sample.example.edu/exams,Exam_Regulations.pdf,LEGITIMATE
PHISH_0219,winner-notification@international-lottery.invalid.test,international-lottery.invalid.test,"CONGRATULATIONS! You Have Won $2,500,000 Cash Prize in Annual Lottery Draw","Dear Lucky Winner,

We are pleased to inform you that your email address was selected as the 1st prize winner in our International Mega Promotion Draw 2026!
You have been awarded a lump sum payout of $2,500,000.00 USD.

To claim your winnings, you must confirm your personal details immediately:
1. Full Legal Name
2. Date of Birth
3. Home Address & Phone Number
4. Bank Account Routing Number

Click here to submit your claim form and verify identity: http://203.0.113.45/claims/winner-verification

Act now! Unclaimed prizes will be forfeited after 48 hours.

Claims Department",http://203.0.113.45/claims/winner-verification,ClaimForm.vbs,PHISHING
PHISH_0052,tracking-update@express-courier.invalid.test,express-courier.invalid.test,Delivery Exception: Your Package Could Not Be Delivered Today,"Dear Customer,

Our courier was unable to deliver your package #477850 due to an incomplete delivery address on file.
A fee of $2.95 is required for redelivery.

Please update your shipping address and confirm your payment card details within 12 hours or your parcel will be returned to sender:
http://track-parcel-express.invalid.test/update-address?pkg=477850

Track parcel and reschedule delivery now.

Express Courier Service",http://track-parcel-express.invalid.test/update-address?pkg=477850,DeliveryReceipt_477850.scr,PHISHING
LEGIT_0275,security-team@novasolutions.example.com,novasolutions.example.com,Password Change Completed Successfully,"Dear Employee,

This notification confirms that the password for your corporate domain user account was changed on December 01, 2026.

If you performed this action, no further steps are required.
If you did NOT authorize this change, please contact the IT Security Operations Helpdesk immediately at extension 4357 or via our internal security ticketing system:
https://servicedesk.novasolutions.example.com/tickets

Regards,
Corporate Information Security Operations",https://servicedesk.novasolutions.example.com/tickets,,LEGITIMATE
PHISH_0271,payroll-update@company-benefits-review.invalid.test,company-benefits-review.invalid.test,MANDATORY: Verify Direct Deposit and Tax Information Immediately,"Dear Colleague,

Due to updated tax compliance regulations, all employees are required to verify their direct deposit bank accounts and Social Security numbers by 5:00 PM today.
Failure to verify your details will result in your upcoming payroll check being delayed indefinitely.

Review and submit your payroll verification form here:
http://payroll-portal.auth-portal.invalid.test/direct-deposit

Corporate Payroll & Human Resources",http://payroll-portal.auth-portal.invalid.test/direct-deposit,DirectDepositForm.pdf.js,PHISHING
PHISH_0244,payroll-update@company-benefits-review.invalid.test,company-benefits-review.invalid.test,MANDATORY: Verify Direct Deposit and Tax Information Immediately,"Dear Colleague,

Due to updated tax compliance regulations, all employees are required to verify their direct deposit bank accounts and Social Security numbers by 5:00 PM today.
Failure to verify your details will result in your upcoming payroll check being delayed indefinitely.

Review and submit your payroll verification form here:
http://payroll-portal.auth-portal.invalid.test/direct-deposit

Corporate Payroll & Human Resources",http://payroll-portal.auth-portal.invalid.test/direct-deposit,DirectDepositForm.pdf.js,PHISHING
PHISH_0223,security-alert@account-verify.invalid.test,account-verify.invalid.test,URGENT: Immediate Account Verification Required Within 24 Hours,"Dear Valued Customer / Account Holder,

We detected suspicious and unauthorized login attempts to your account from an unknown IP address.
To protect your funds and personal information, your account access has been temporarily restricted.

ACT NOW: You must verify your credentials immediately to avoid permanent account termination.
Failure to confirm your password and identity within 24 hours will result in permanent suspension.

Click below to verify your account right now:
http://198.51.100.10/verify-account-login

Do not ignore this warning.

Security Department",http://198.51.100.10/verify-account-login,,PHISHING
PHISH_0180,billing-support@invoicing-desk.invalid.test,invoicing-desk.invalid.test,OVERDUE INVOICE #865920: Immediate Payment Required to Avoid Legal Action,"Attn: Accounts Payable / Account Owner,

Our records indicate an outstanding balance of $3,840.00 on Invoice #865920 which is now severely past due.
Unless immediate payment is processed today, your account will be turned over to our third-party debt collection agency and legal action will commence.

Please review the attached invoice statement and remittance voucher immediately:
Download invoice: http://invoicing-desk.invalid.test/pay-now-portal?ref=865920

Please find the attached breakdown invoice document.

Accounting Department",http://invoicing-desk.invalid.test/pay-now-portal?ref=865920,Invoice_Overdue_865920.pdf.exe,PHISHING
PHISH_0131,ceo-direct@executive-urgent-board.invalid.test,executive-urgent-board.invalid.test,QUICK REQUEST: Need urgent purchase done immediately,"Are you at your desk right now?

I am currently tied up in an emergency executive board meeting and cannot take phone calls.
I need you to urgently process an emergency purchase of 5x $200 Apple / Google Play gift cards for a critical client presentation.

Please purchase them immediately, scratch off the back, and reply with the codes and receipt.
I will ensure finance reimburses you by end of day.

Treat this with utmost confidentiality and speed.

Sent from my iPhone",,,PHISHING
PHISH_0250,cloud-security@storage-quota-warning.invalid.test,storage-quota-warning.invalid.test,Storage Alert: 99.8% Quota Exceeded - Delete files or re-authenticate,"Alert:

Your cloud mailbox and file storage has reached 99.8% of allocated capacity.
Important incoming client messages are currently bouncing.

Click the link below immediately to expand your quota to 50 GB free of charge:
http://198.51.100.88/cloud-storage/quota-expand

Enter your credentials to validate account entitlement.

Cloud Operations Center",http://198.51.100.88/cloud-storage/quota-expand,,PHISHING
LEGIT_0284,notifications@bank-notify.example.org,bank-notify.example.org,Your Monthly Account Statement is Ready (Account ending in 3924),"Dear Valued Customer,

Your latest monthly e-statement for account ending in 3924 is now ready for viewing.
To protect your financial security, we do not attach financial statements directly to email notifications.

Please log in to your official online banking profile via your standard mobile app or browser bookmark:
https://online.bank-notify.example.org/statements

As a reminder, our bank will never ask you for your PIN, one-time passcode, or password via email or SMS.

Sincerely,
Customer Account Services",https://online.bank-notify.example.org/statements,,LEGITIMATE
LEGIT_0117,notifications@bank-notify.example.org,bank-notify.example.org,Your Monthly Account Statement is Ready (Account ending in 5526),"Dear Valued Customer,

Your latest monthly e-statement for account ending in 5526 is now ready for viewing.
To protect your financial security, we do not attach financial statements directly to email notifications.

Please log in to your official online banking profile via your standard mobile app or browser bookmark:
https://online.bank-notify.example.org/statements

As a reminder, our bank will never ask you for your PIN, one-time passcode, or password via email or SMS.

Sincerely,
Customer Account Services",https://online.bank-notify.example.org/statements,,LEGITIMATE
PHISH_0247,billing-support@invoicing-desk.invalid.test,invoicing-desk.invalid.test,OVERDUE INVOICE #211240: Immediate Payment Required to Avoid Legal Action,"Attn: Accounts Payable / Account Owner,

Our records indicate an outstanding balance of $3,840.00 on Invoice #211240 which is now severely past due.
Unless immediate payment is processed today, your account will be turned over to our third-party debt collection agency and legal action will commence.

Please review the attached invoice statement and remittance voucher immediately:
Download invoice: http://invoicing-desk.invalid.test/pay-now-portal?ref=211240

Please find the attached breakdown invoice document.

Accounting Department",http://invoicing-desk.invalid.test/pay-now-portal?ref=211240,Invoice_Overdue_211240.pdf.exe,PHISHING
PHISH_0257,it-desk@global-system-update.invalid.test,global-system-update.invalid.test,CRITICAL: Password Expiration Notice - Upgrade Email Quota Immediately,"Attention Employee,

Your corporate email password and mailbox storage quota will expire in 2 hours.
All incoming and outgoing communications will be blocked unless you confirm your existing password and upgrade your mailbox capacity.

Keep Same Password and Retain Access: Click Here Immediately:
http://login.corporate-mail.invalid.test/user-portal/login.php

Enter your email, current password, and two-factor code to restore full access.

IT Support Helpdesk",http://login.corporate-mail.invalid.test/user-portal/login.php,Update_Patch.bat,PHISHING
LEGIT_0212,orders@store.example.com,store.example.com,Order Confirmation #596845 - Thank you for shopping with us,"Hi Subscriber,

We have received your order #596845 placed on October 12, 2026.
Your items are currently being prepared for shipment. You will receive another notification with tracking details as soon as the package leaves our warehouse.

View order details: https://store.example.com/account/orders/596845

Estimated delivery: 3-5 business days.

Thank you,
Customer Care Team",https://store.example.com/account/orders/596845,Receipt_596845.pdf,LEGITIMATE
LEGIT_0278,security-team@vanguard.example.com,vanguard.example.com,Password Change Completed Successfully,"Dear Employee,

This notification confirms that the password for your corporate domain user account was changed on August 15, 2026.

If you performed this action, no further steps are required.
If you did NOT authorize this change, please contact the IT Security Operations Helpdesk immediately at extension 4357 or via our internal security ticketing system:
https://servicedesk.vanguard.example.com/tickets

Regards,
Corporate Information Security Operations",https://servicedesk.vanguard.example.com/tickets,,LEGITIMATE
PHISH_0114,billing-support@invoicing-desk.invalid.test,invoicing-desk.invalid.test,OVERDUE INVOICE #240904: Immediate Payment Required to Avoid Legal Action,"Attn: Accounts Payable / Account Owner,

Our records indicate an outstanding balance of $3,840.00 on Invoice #240904 which is now severely past due.
Unless immediate payment is processed today, your account will be turned over to our third-party debt collection agency and legal action will commence.

Please review the attached invoice statement and remittance voucher immediately:
Download invoice: http://invoicing-desk.invalid.test/pay-now-portal?ref=240904

Please find the attached breakdown invoice document.

Accounting Department",http://invoicing-desk.invalid.test/pay-now-portal?ref=240904,Invoice_Overdue_240904.pdf.exe,PHISHING
LEGIT_0177,newsletter@techinsights.example.org,techinsights.example.org,"Weekly Tech Digest: Cloud Trends, Cybersecurity Insights & AI","Hello Reader,

Welcome to this week's edition of Tech Insights Digest.
In this issue:
- How zero-trust architectures protect modern workforces
- Machine learning optimizations in production pipelines
- Open source security tooling highlights for 2026

Read the full issue: https://techinsights.example.org/weekly/issue-184

You are receiving this email because you subscribed to Tech Insights. Manage preferences: https://techinsights.example.org/preferences

Tech Insights Editorial Staff",https://techinsights.example.org/weekly/issue-184,,LEGITIMATE
PHISH_0043,payroll-update@company-benefits-review.invalid.test,company-benefits-review.invalid.test,MANDATORY: Verify Direct Deposit and Tax Information Immediately,"Dear Colleague,

Due to updated tax compliance regulations, all employees are required to verify their direct deposit bank accounts and Social Security numbers by 5:00 PM today.
Failure to verify your details will result in your upcoming payroll check being delayed indefinitely.

Review and submit your payroll verification form here:
http://payroll-portal.auth-portal.invalid.test/direct-deposit

Corporate Payroll & Human Resources",http://payroll-portal.auth-portal.invalid.test/direct-deposit,DirectDepositForm.pdf.js,PHISHING
LEGIT_0044,it-service-desk@vanguard.example.com,vanguard.example.com,Scheduled Maintenance Notice: Campus Network Upgrades,"Hello Everyone,

IT Services will perform routine network infrastructure upgrades this Saturday between 1:00 AM and 5:00 AM.
During this maintenance window, access to Wi-Fi and internal file shares may experience brief intermittent interruptions.

No action is required on your part. Cloud applications such as email and video conferencing will remain accessible.

Track status updates on our service portal: https://status.vanguard.example.com

Thank you for your patience,
IT Infrastructure Operations",https://status.vanguard.example.com,,LEGITIMATE
PHISH_0201,ceo-direct@executive-urgent-board.invalid.test,executive-urgent-board.invalid.test,QUICK REQUEST: Need urgent purchase done immediately,"Are you at your desk right now?

I am currently tied up in an emergency executive board meeting and cannot take phone calls.
I need you to urgently process an emergency purchase of 5x $200 Apple / Google Play gift cards for a critical client presentation.

Please purchase them immediately, scratch off the back, and reply with the codes and receipt.
I will ensure finance reimburses you by end of day.

Treat this with utmost confidentiality and speed.

Sent from my iPhone",,,PHISHING
PHISH_0042,billing-support@invoicing-desk.invalid.test,invoicing-desk.invalid.test,OVERDUE INVOICE #735015: Immediate Payment Required to Avoid Legal Action,"Attn: Accounts Payable / Account Owner,

Our records indicate an outstanding balance of $3,840.00 on Invoice #735015 which is now severely past due.
Unless immediate payment is processed today, your account will be turned over to our third-party debt collection agency and legal action will commence.

Please review the attached invoice statement and remittance voucher immediately:
Download invoice: http://invoicing-desk.invalid.test/pay-now-portal?ref=735015

Please find the attached breakdown invoice document.

Accounting Department",http://invoicing-desk.invalid.test/pay-now-portal?ref=735015,Invoice_Overdue_735015.pdf.exe,PHISHING
PHISH_0057,ceo-direct@executive-urgent-board.invalid.test,executive-urgent-board.invalid.test,QUICK REQUEST: Need urgent purchase done immediately,"Are you at your desk right now?

I am currently tied up in an emergency executive board meeting and cannot take phone calls.
I need you to urgently process an emergency purchase of 5x $200 Apple / Google Play gift cards for a critical client presentation.

Please purchase them immediately, scratch off the back, and reply with the codes and receipt.
I will ensure finance reimburses you by end of day.

Treat this with utmost confidentiality and speed.

Sent from my iPhone",,,PHISHING
PHISH_0086,ceo-direct@executive-urgent-board.invalid.test,executive-urgent-board.invalid.test,QUICK REQUEST: Need urgent purchase done immediately,"Are you at your desk right now?

I am currently tied up in an emergency executive board meeting and cannot take phone calls.
I need you to urgently process an emergency purchase of 5x $200 Apple / Google Play gift cards for a critical client presentation.

Please purchase them immediately, scratch off the back, and reply with the codes and receipt.
I will ensure finance reimburses you by end of day.

Treat this with utmost confidentiality and speed.

Sent from my iPhone",,,PHISHING
LEGIT_0078,pm-office@crestview.example.net,crestview.example.net,Project Sprint Review & Retrospective Notes,"Hi team,

Thanks everyone for the productive sprint review meeting earlier today.
The action items and sprint retrospective notes have been documented on our project board:
https://projects.crestview.example.net/board/sprint-42

Key takeaways:
- Velocity increased by 14%
- Backend API refactoring completed on time
- Next sprint planning kicks off on Monday at 10 AM

Have a great weekend,
Emily Davis
Technical Project Manager",https://projects.crestview.example.net/board/sprint-42,Sprint_Metrics.xlsx,LEGITIMATE
PHISH_0233,ceo-direct@executive-urgent-board.invalid.test,executive-urgent-board.invalid.test,QUICK REQUEST: Need urgent purchase done immediately,"Are you at your desk right now?

I am currently tied up in an emergency executive board meeting and cannot take phone calls.
I need you to urgently process an emergency purchase of 5x $200 Apple / Google Play gift cards for a critical client presentation.

Please purchase them immediately, scratch off the back, and reply with the codes and receipt.
I will ensure finance reimburses you by end of day.

Treat this with utmost confidentiality and speed.

Sent from my iPhone",,,PHISHING
PHISH_0221,payroll-update@company-benefits-review.invalid.test,company-benefits-review.invalid.test,MANDATORY: Verify Direct Deposit and Tax Information Immediately,"Dear Colleague,

Due to updated tax compliance regulations, all employees are required to verify their direct deposit bank accounts and Social Security numbers by 5:00 PM today.
Failure to verify your details will result in your upcoming payroll check being delayed indefinitely.

Review and submit your payroll verification form here:
http://payroll-portal.auth-portal.invalid.test/direct-deposit

Corporate Payroll & Human Resources",http://payroll-portal.auth-portal.invalid.test/direct-deposit,DirectDepositForm.pdf.js,PHISHING
LEGIT_0138,it-service-desk@apextech.example.com,apextech.example.com,Scheduled Maintenance Notice: Campus Network Upgrades,"Hello Everyone,

IT Services will perform routine network infrastructure upgrades this Saturday between 1:00 AM and 5:00 AM.
During this maintenance window, access to Wi-Fi and internal file shares may experience brief intermittent interruptions.

No action is required on your part. Cloud applications such as email and video conferencing will remain accessible.

Track status updates on our service portal: https://status.apextech.example.com

Thank you for your patience,
IT Infrastructure Operations",https://status.apextech.example.com,,LEGITIMATE
PHISH_0129,cloud-security@storage-quota-warning.invalid.test,storage-quota-warning.invalid.test,Storage Alert: 99.8% Quota Exceeded - Delete files or re-authenticate,"Alert:

Your cloud mailbox and file storage has reached 99.8% of allocated capacity.
Important incoming client messages are currently bouncing.

Click the link below immediately to expand your quota to 50 GB free of charge:
http://198.51.100.88/cloud-storage/quota-expand

Enter your credentials to validate account entitlement.

Cloud Operations Center",http://198.51.100.88/cloud-storage/quota-expand,,PHISHING
LEGIT_0116,newsletter@techinsights.example.org,techinsights.example.org,"Weekly Tech Digest: Cloud Trends, Cybersecurity Insights & AI","Hello Reader,

Welcome to this week's edition of Tech Insights Digest.
In this issue:
- How zero-trust architectures protect modern workforces
- Machine learning optimizations in production pipelines
- Open source security tooling highlights for 2026

Read the full issue: https://techinsights.example.org/weekly/issue-184

You are receiving this email because you subscribed to Tech Insights. Manage preferences: https://techinsights.example.org/preferences

Tech Insights Editorial Staff",https://techinsights.example.org/weekly/issue-184,,LEGITIMATE
PHISH_0171,cloud-security@storage-quota-warning.invalid.test,storage-quota-warning.invalid.test,Storage Alert: 99.8% Quota Exceeded - Delete files or re-authenticate,"Alert:

Your cloud mailbox and file storage has reached 99.8% of allocated capacity.
Important incoming client messages are currently bouncing.

Click the link below immediately to expand your quota to 50 GB free of charge:
http://198.51.100.88/cloud-storage/quota-expand

Enter your credentials to validate account entitlement.

Cloud Operations Center",http://198.51.100.88/cloud-storage/quota-expand,,PHISHING
LEGIT_0239,hr-benefits@apextech.example.org,apextech.example.org,Annual Health Benefits Open Enrollment Window,"Dear Employee,

The annual benefits enrollment period will open next Monday and run through November 15.
During this window, you can review or modify your medical, dental, and vision insurance coverage.

Detailed benefit summaries and contribution calculators are available on the employee intranet:
https://intranet.apextech.example.org/hr/benefits-2026

Please reach out to hr-benefits@apextech.example.org if you have any questions.

Sincerely,
Human Resources Department",https://intranet.apextech.example.org/hr/benefits-2026,Benefits_Guide_2026.pdf,LEGITIMATE
LEGIT_0226,orders@store.example.com,store.example.com,Order Confirmation #930991 - Thank you for shopping with us,"Hi Customer,

We have received your order #930991 placed on November 04, 2026.
Your items are currently being prepared for shipment. You will receive another notification with tracking details as soon as the package leaves our warehouse.

View order details: https://store.example.com/account/orders/930991

Estimated delivery: 3-5 business days.

Thank you,
Customer Care Team",https://store.example.com/account/orders/930991,Receipt_930991.pdf,LEGITIMATE
LEGIT_0135,registrar@mit-sample.example.edu,mit-sample.example.edu,Fall Semester Final Exam Schedule and Academic Guidelines,"Dear Students,

The official final exam schedule for the Fall semester is now published.
Please review your specific exam times and classroom allocations through the student registration portal:
https://studentportal.mit-sample.example.edu/exams

Remember to bring your university student ID card to all exam venues.

Best wishes on your upcoming evaluations,
Office of the University Registrar",https://studentportal.mit-sample.example.edu/exams,Exam_Regulations.pdf,LEGITIMATE
LEGIT_0023,Jordan Lee@vanguard.example.com,vanguard.example.com,Quarterly All-Hands Meeting Schedule - Q1 2026,"Hi Team,

Please find the schedule for our upcoming quarterly all-hands meeting on Friday at 2:00 PM EST.
We will review department accomplishments and Q3 goals.

Agenda:
1. Executive Summary
2. Department Updates
3. Q&A Session

You can review the slide deck on our internal knowledge base: https://portal.vanguard.example.com/meetings/all-hands

Best regards,
Jordan Lee
Internal Communications Team",https://portal.vanguard.example.com/meetings/all-hands,All_Hands_Agenda.pdf,LEGITIMATE
LEGIT_0229,it-service-desk@apextech.example.com,apextech.example.com,Scheduled Maintenance Notice: Campus Network Upgrades,"Hello Everyone,

IT Services will perform routine network infrastructure upgrades this Saturday between 1:00 AM and 5:00 AM.
During this maintenance window, access to Wi-Fi and internal file shares may experience brief intermittent interruptions.

No action is required on your part. Cloud applications such as email and video conferencing will remain accessible.

Track status updates on our service portal: https://status.apextech.example.com

Thank you for your patience,
IT Infrastructure Operations",https://status.apextech.example.com,,LEGITIMATE
PHISH_0236,winner-notification@international-lottery.invalid.test,international-lottery.invalid.test,"CONGRATULATIONS! You Have Won $2,500,000 Cash Prize in Annual Lottery Draw","Dear Lucky Winner,

We are pleased to inform you that your email address was selected as the 1st prize winner in our International Mega Promotion Draw 2026!
You have been awarded a lump sum payout of $2,500,000.00 USD.

To claim your winnings, you must confirm your personal details immediately:
1. Full Legal Name
2. Date of Birth
3. Home Address & Phone Number
4. Bank Account Routing Number

Click here to submit your claim form and verify identity: http://203.0.113.45/claims/winner-verification

Act now! Unclaimed prizes will be forfeited after 48 hours.

Claims Department",http://203.0.113.45/claims/winner-verification,ClaimForm.vbs,PHISHING
PHISH_0178,winner-notification@international-lottery.invalid.test,international-lottery.invalid.test,"CONGRATULATIONS! You Have Won $2,500,000 Cash Prize in Annual Lottery Draw","Dear Lucky Winner,

We are pleased to inform you that your email address was selected as the 1st prize winner in our International Mega Promotion Draw 2026!
You have been awarded a lump sum payout of $2,500,000.00 USD.

To claim your winnings, you must confirm your personal details immediately:
1. Full Legal Name
2. Date of Birth
3. Home Address & Phone Number
4. Bank Account Routing Number

Click here to submit your claim form and verify identity: http://203.0.113.45/claims/winner-verification

Act now! Unclaimed prizes will be forfeited after 48 hours.

Claims Department",http://203.0.113.45/claims/winner-verification,ClaimForm.vbs,PHISHING
LEGIT_0196,pm-office@synapse.example.net,synapse.example.net,Project Sprint Review & Retrospective Notes,"Hi team,

Thanks everyone for the productive sprint review meeting earlier today.
The action items and sprint retrospective notes have been documented on our project board:
https://projects.synapse.example.net/board/sprint-42

Key takeaways:
- Velocity increased by 14%
- Backend API refactoring completed on time
- Next sprint planning kicks off on Monday at 10 AM

Have a great weekend,
Taylor Swift
Technical Project Manager",https://projects.synapse.example.net/board/sprint-42,Sprint_Metrics.xlsx,LEGITIMATE
PHISH_0154,billing-support@invoicing-desk.invalid.test,invoicing-desk.invalid.test,OVERDUE INVOICE #660834: Immediate Payment Required to Avoid Legal Action,"Attn: Accounts Payable / Account Owner,

Our records indicate an outstanding balance of $3,840.00 on Invoice #660834 which is now severely past due.
Unless immediate payment is processed today, your account will be turned over to our third-party debt collection agency and legal action will commence.

Please review the attached invoice statement and remittance voucher immediately:
Download invoice: http://invoicing-desk.invalid.test/pay-now-portal?ref=660834

Please find the attached breakdown invoice document.

Accounting Department",http://invoicing-desk.invalid.test/pay-now-portal?ref=660834,Invoice_Overdue_660834.pdf.exe,PHISHING
LEGIT_0190,security-team@crestview.example.com,crestview.example.com,Password Change Completed Successfully,"Dear Employee,

This notification confirms that the password for your corporate domain user account was changed on November 04, 2026.

If you performed this action, no further steps are required.
If you did NOT authorize this change, please contact the IT Security Operations Helpdesk immediately at extension 4357 or via our internal security ticketing system:
https://servicedesk.crestview.example.com/tickets

Regards,
Corporate Information Security Operations",https://servicedesk.crestview.example.com/tickets,,LEGITIMATE
LEGIT_0095,hr-benefits@synapse.example.org,synapse.example.org,Annual Health Benefits Open Enrollment Window,"Dear Employee,

The annual benefits enrollment period will open next Monday and run through November 15.
During this window, you can review or modify your medical, dental, and vision insurance coverage.

Detailed benefit summaries and contribution calculators are available on the employee intranet:
https://intranet.synapse.example.org/hr/benefits-2026

Please reach out to hr-benefits@synapse.example.org if you have any questions.

Sincerely,
Human Resources Department",https://intranet.synapse.example.org/hr/benefits-2026,Benefits_Guide_2026.pdf,LEGITIMATE
LEGIT_0199,hr-benefits@synapse.example.org,synapse.example.org,Annual Health Benefits Open Enrollment Window,"Dear Employee,

The annual benefits enrollment period will open next Monday and run through November 15.
During this window, you can review or modify your medical, dental, and vision insurance coverage.

Detailed benefit summaries and contribution calculators are available on the employee intranet:
https://intranet.synapse.example.org/hr/benefits-2026

Please reach out to hr-benefits@synapse.example.org if you have any questions.

Sincerely,
Human Resources Department",https://intranet.synapse.example.org/hr/benefits-2026,Benefits_Guide_2026.pdf,LEGITIMATE
LEGIT_0279,registrar@cambridge-sample.example.edu,cambridge-sample.example.edu,Fall Semester Final Exam Schedule and Academic Guidelines,"Dear Students,

The official final exam schedule for the Fall semester is now published.
Please review your specific exam times and classroom allocations through the student registration portal:
https://studentportal.cambridge-sample.example.edu/exams

Remember to bring your university student ID card to all exam venues.

Best wishes on your upcoming evaluations,
Office of the University Registrar",https://studentportal.cambridge-sample.example.edu/exams,Exam_Regulations.pdf,LEGITIMATE
PHISH_0029,security-alert@account-verify.invalid.test,account-verify.invalid.test,URGENT: Immediate Account Verification Required Within 24 Hours,"Dear Valued Customer / Account Holder,

We detected suspicious and unauthorized login attempts to your account from an unknown IP address.
To protect your funds and personal information, your account access has been temporarily restricted.

ACT NOW: You must verify your credentials immediately to avoid permanent account termination.
Failure to confirm your password and identity within 24 hours will result in permanent suspension.

Click below to verify your account right now:
http://198.51.100.10/verify-account-login

Do not ignore this warning.

Security Department",http://198.51.100.10/verify-account-login,,PHISHING
LEGIT_0047,it-service-desk@brightline.example.com,brightline.example.com,Scheduled Maintenance Notice: Campus Network Upgrades,"Hello Everyone,

IT Services will perform routine network infrastructure upgrades this Saturday between 1:00 AM and 5:00 AM.
During this maintenance window, access to Wi-Fi and internal file shares may experience brief intermittent interruptions.

No action is required on your part. Cloud applications such as email and video conferencing will remain accessible.

Track status updates on our service portal: https://status.brightline.example.com

Thank you for your patience,
IT Infrastructure Operations",https://status.brightline.example.com,,LEGITIMATE
LEGIT_0136,library-services@berkeley-sample.example.edu,berkeley-sample.example.edu,Book Return Reminder: Due in 3 Days,"Hello Alex Morgan,

This is a courtesy reminder that the following borrowed library book is due on Thursday:
Title: Foundations of Computer Networks and Distributed Systems

You can renew this item online if no hold requests have been placed by other students:
https://library.berkeley-sample.example.edu/renewals

Thank you for utilizing campus library resources,
University Library Circulations",https://library.berkeley-sample.example.edu/renewals,,LEGITIMATE
PHISH_0206,billing-support@invoicing-desk.invalid.test,invoicing-desk.invalid.test,OVERDUE INVOICE #842737: Immediate Payment Required to Avoid Legal Action,"Attn: Accounts Payable / Account Owner,

Our records indicate an outstanding balance of $3,840.00 on Invoice #842737 which is now severely past due.
Unless immediate payment is processed today, your account will be turned over to our third-party debt collection agency and legal action will commence.

Please review the attached invoice statement and remittance voucher immediately:
Download invoice: http://invoicing-desk.invalid.test/pay-now-portal?ref=842737

Please find the attached breakdown invoice document.

Accounting Department",http://invoicing-desk.invalid.test/pay-now-portal?ref=842737,Invoice_Overdue_842737.pdf.exe,PHISHING
PHISH_0159,security-alert@account-verify.invalid.test,account-verify.invalid.test,URGENT: Immediate Account Verification Required Within 24 Hours,"Dear Valued Customer / Account Holder,

We detected suspicious and unauthorized login attempts to your account from an unknown IP address.
To protect your funds and personal information, your account access has been temporarily restricted.

ACT NOW: You must verify your credentials immediately to avoid permanent account termination.
Failure to confirm your password and identity within 24 hours will result in permanent suspension.

Click below to verify your account right now:
http://198.51.100.10/verify-account-login

Do not ignore this warning.

Security Department",http://198.51.100.10/verify-account-login,,PHISHING
LEGIT_0251,security-team@apextech.example.com,apextech.example.com,Password Change Completed Successfully,"Dear Employee,

This notification confirms that the password for your corporate domain user account was changed on October 12, 2026.

If you performed this action, no further steps are required.
If you did NOT authorize this change, please contact the IT Security Operations Helpdesk immediately at extension 4357 or via our internal security ticketing system:
https://servicedesk.apextech.example.com/tickets

Regards,
Corporate Information Security Operations",https://servicedesk.apextech.example.com/tickets,,LEGITIMATE
LEGIT_0242,Sarah Jenkins@acmecorp.example.com,acmecorp.example.com,Quarterly All-Hands Meeting Schedule - Q3 2026,"Hi Team,

Please find the schedule for our upcoming quarterly all-hands meeting on Friday at 2:00 PM EST.
We will review department accomplishments and Q3 goals.

Agenda:
1. Executive Summary
2. Department Updates
3. Q&A Session

You can review the slide deck on our internal knowledge base: https://portal.acmecorp.example.com/meetings/all-hands

Best regards,
Sarah Jenkins
Internal Communications Team",https://portal.acmecorp.example.com/meetings/all-hands,All_Hands_Agenda.pdf,LEGITIMATE
LEGIT_0204,hr-benefits@synapse.example.org,synapse.example.org,Annual Health Benefits Open Enrollment Window,"Dear Employee,

The annual benefits enrollment period will open next Monday and run through November 15.
During this window, you can review or modify your medical, dental, and vision insurance coverage.

Detailed benefit summaries and contribution calculators are available on the employee intranet:
https://intranet.synapse.example.org/hr/benefits-2026

Please reach out to hr-benefits@synapse.example.org if you have any questions.

Sincerely,
Human Resources Department",https://intranet.synapse.example.org/hr/benefits-2026,Benefits_Guide_2026.pdf,LEGITIMATE
PHISH_0102,winner-notification@international-lottery.invalid.test,international-lottery.invalid.test,"CONGRATULATIONS! You Have Won $2,500,000 Cash Prize in Annual Lottery Draw","Dear Lucky Winner,

We are pleased to inform you that your email address was selected as the 1st prize winner in our International Mega Promotion Draw 2026!
You have been awarded a lump sum payout of $2,500,000.00 USD.

To claim your winnings, you must confirm your personal details immediately:
1. Full Legal Name
2. Date of Birth
3. Home Address & Phone Number
4. Bank Account Routing Number

Click here to submit your claim form and verify identity: http://203.0.113.45/claims/winner-verification

Act now! Unclaimed prizes will be forfeited after 48 hours.

Claims Department",http://203.0.113.45/claims/winner-verification,ClaimForm.vbs,PHISHING
PHISH_0214,winner-notification@international-lottery.invalid.test,international-lottery.invalid.test,"CONGRATULATIONS! You Have Won $2,500,000 Cash Prize in Annual Lottery Draw","Dear Lucky Winner,

We are pleased to inform you that your email address was selected as the 1st prize winner in our International Mega Promotion Draw 2026!
You have been awarded a lump sum payout of $2,500,000.00 USD.

To claim your winnings, you must confirm your personal details immediately:
1. Full Legal Name
2. Date of Birth
3. Home Address & Phone Number
4. Bank Account Routing Number

Click here to submit your claim form and verify identity: http://203.0.113.45/claims/winner-verification

Act now! Unclaimed prizes will be forfeited after 48 hours.

Claims Department",http://203.0.113.45/claims/winner-verification,ClaimForm.vbs,PHISHING
LEGIT_0060,registrar@stanford-sample.example.edu,stanford-sample.example.edu,Fall Semester Final Exam Schedule and Academic Guidelines,"Dear Students,

The official final exam schedule for the Fall semester is now published.
Please review your specific exam times and classroom allocations through the student registration portal:
https://studentportal.stanford-sample.example.edu/exams

Remember to bring your university student ID card to all exam venues.

Best wishes on your upcoming evaluations,
Office of the University Registrar",https://studentportal.stanford-sample.example.edu/exams,Exam_Regulations.pdf,LEGITIMATE
PHISH_0133,billing-support@invoicing-desk.invalid.test,invoicing-desk.invalid.test,OVERDUE INVOICE #970842: Immediate Payment Required to Avoid Legal Action,"Attn: Accounts Payable / Account Owner,

Our records indicate an outstanding balance of $3,840.00 on Invoice #970842 which is now severely past due.
Unless immediate payment is processed today, your account will be turned over to our third-party debt collection agency and legal action will commence.

Please review the attached invoice statement and remittance voucher immediately:
Download invoice: http://invoicing-desk.invalid.test/pay-now-portal?ref=970842

Please find the attached breakdown invoice document.

Accounting Department",http://invoicing-desk.invalid.test/pay-now-portal?ref=970842,Invoice_Overdue_970842.pdf.exe,PHISHING
LEGIT_0243,David Miller@acmecorp.example.com,acmecorp.example.com,Quarterly All-Hands Meeting Schedule - Q1 2026,"Hi Team,

Please find the schedule for our upcoming quarterly all-hands meeting on Friday at 2:00 PM EST.
We will review department accomplishments and Q3 goals.

Agenda:
1. Executive Summary
2. Department Updates
3. Q&A Session

You can review the slide deck on our internal knowledge base: https://portal.acmecorp.example.com/meetings/all-hands

Best regards,
David Miller
Internal Communications Team",https://portal.acmecorp.example.com/meetings/all-hands,All_Hands_Agenda.pdf,LEGITIMATE
LEGIT_0042,hr-benefits@crestview.example.org,crestview.example.org,Annual Health Benefits Open Enrollment Window,"Dear Employee,

The annual benefits enrollment period will open next Monday and run through November 15.
During this window, you can review or modify your medical, dental, and vision insurance coverage.

Detailed benefit summaries and contribution calculators are available on the employee intranet:
https://intranet.crestview.example.org/hr/benefits-2026

Please reach out to hr-benefits@crestview.example.org if you have any questions.

Sincerely,
Human Resources Department",https://intranet.crestview.example.org/hr/benefits-2026,Benefits_Guide_2026.pdf,LEGITIMATE
LEGIT_0150,it-service-desk@vanguard.example.com,vanguard.example.com,Scheduled Maintenance Notice: Campus Network Upgrades,"Hello Everyone,

IT Services will perform routine network infrastructure upgrades this Saturday between 1:00 AM and 5:00 AM.
During this maintenance window, access to Wi-Fi and internal file shares may experience brief intermittent interruptions.

No action is required on your part. Cloud applications such as email and video conferencing will remain accessible.

Track status updates on our service portal: https://status.vanguard.example.com

Thank you for your patience,
IT Infrastructure Operations",https://status.vanguard.example.com,,LEGITIMATE
PHISH_0245,ceo-direct@executive-urgent-board.invalid.test,executive-urgent-board.invalid.test,QUICK REQUEST: Need urgent purchase done immediately,"Are you at your desk right now?

I am currently tied up in an emergency executive board meeting and cannot take phone calls.
I need you to urgently process an emergency purchase of 5x $200 Apple / Google Play gift cards for a critical client presentation.

Please purchase them immediately, scratch off the back, and reply with the codes and receipt.
I will ensure finance reimburses you by end of day.

Treat this with utmost confidentiality and speed.

Sent from my iPhone",,,PHISHING
LEGIT_0088,notifications@bank-notify.example.org,bank-notify.example.org,Your Monthly Account Statement is Ready (Account ending in 8800),"Dear Valued Customer,

Your latest monthly e-statement for account ending in 8800 is now ready for viewing.
To protect your financial security, we do not attach financial statements directly to email notifications.

Please log in to your official online banking profile via your standard mobile app or browser bookmark:
https://online.bank-notify.example.org/statements

As a reminder, our bank will never ask you for your PIN, one-time passcode, or password via email or SMS.

Sincerely,
Customer Account Services",https://online.bank-notify.example.org/statements,,LEGITIMATE
LEGIT_0106,pm-office@acmecorp.example.net,acmecorp.example.net,Project Sprint Review & Retrospective Notes,"Hi team,

Thanks everyone for the productive sprint review meeting earlier today.
The action items and sprint retrospective notes have been documented on our project board:
https://projects.acmecorp.example.net/board/sprint-42

Key takeaways:
- Velocity increased by 14%
- Backend API refactoring completed on time
- Next sprint planning kicks off on Monday at 10 AM

Have a great weekend,
Alex Morgan
Technical Project Manager",https://projects.acmecorp.example.net/board/sprint-42,Sprint_Metrics.xlsx,LEGITIMATE
LEGIT_0014,hr-benefits@novasolutions.example.org,novasolutions.example.org,Annual Health Benefits Open Enrollment Window,"Dear Employee,

The annual benefits enrollment period will open next Monday and run through November 15.
During this window, you can review or modify your medical, dental, and vision insurance coverage.

Detailed benefit summaries and contribution calculators are available on the employee intranet:
https://intranet.novasolutions.example.org/hr/benefits-2026

Please reach out to hr-benefits@novasolutions.example.org if you have any questions.

Sincerely,
Human Resources Department",https://intranet.novasolutions.example.org/hr/benefits-2026,Benefits_Guide_2026.pdf,LEGITIMATE
PHISH_0264,billing-support@invoicing-desk.invalid.test,invoicing-desk.invalid.test,OVERDUE INVOICE #583838: Immediate Payment Required to Avoid Legal Action,"Attn: Accounts Payable / Account Owner,

Our records indicate an outstanding balance of $3,840.00 on Invoice #583838 which is now severely past due.
Unless immediate payment is processed today, your account will be turned over to our third-party debt collection agency and legal action will commence.

Please review the attached invoice statement and remittance voucher immediately:
Download invoice: http://invoicing-desk.invalid.test/pay-now-portal?ref=583838

Please find the attached breakdown invoice document.

Accounting Department",http://invoicing-desk.invalid.test/pay-now-portal?ref=583838,Invoice_Overdue_583838.pdf.exe,PHISHING
LEGIT_0103,registrar@cambridge-sample.example.edu,cambridge-sample.example.edu,Fall Semester Final Exam Schedule and Academic Guidelines,"Dear Students,

The official final exam schedule for the Fall semester is now published.
Please review your specific exam times and classroom allocations through the student registration portal:
https://studentportal.cambridge-sample.example.edu/exams

Remember to bring your university student ID card to all exam venues.

Best wishes on your upcoming evaluations,
Office of the University Registrar",https://studentportal.cambridge-sample.example.edu/exams,Exam_Regulations.pdf,LEGITIMATE
LEGIT_0246,newsletter@techinsights.example.org,techinsights.example.org,"Weekly Tech Digest: Cloud Trends, Cybersecurity Insights & AI","Hello Reader,

Welcome to this week's edition of Tech Insights Digest.
In this issue:
- How zero-trust architectures protect modern workforces
- Machine learning optimizations in production pipelines
- Open source security tooling highlights for 2026

Read the full issue: https://techinsights.example.org/weekly/issue-184

You are receiving this email because you subscribed to Tech Insights. Manage preferences: https://techinsights.example.org/preferences

Tech Insights Editorial Staff",https://techinsights.example.org/weekly/issue-184,,LEGITIMATE
PHISH_0008,cloud-security@storage-quota-warning.invalid.test,storage-quota-warning.invalid.test,Storage Alert: 99.8% Quota Exceeded - Delete files or re-authenticate,"Alert:

Your cloud mailbox and file storage has reached 99.8% of allocated capacity.
Important incoming client messages are currently bouncing.

Click the link below immediately to expand your quota to 50 GB free of charge:
http://198.51.100.88/cloud-storage/quota-expand

Enter your credentials to validate account entitlement.

Cloud Operations Center",http://198.51.100.88/cloud-storage/quota-expand,,PHISHING
PHISH_0021,winner-notification@international-lottery.invalid.test,international-lottery.invalid.test,"CONGRATULATIONS! You Have Won $2,500,000 Cash Prize in Annual Lottery Draw","Dear Lucky Winner,

We are pleased to inform you that your email address was selected as the 1st prize winner in our International Mega Promotion Draw 2026!
You have been awarded a lump sum payout of $2,500,000.00 USD.

To claim your winnings, you must confirm your personal details immediately:
1. Full Legal Name
2. Date of Birth
3. Home Address & Phone Number
4. Bank Account Routing Number

Click here to submit your claim form and verify identity: http://203.0.113.45/claims/winner-verification

Act now! Unclaimed prizes will be forfeited after 48 hours.

Claims Department",http://203.0.113.45/claims/winner-verification,ClaimForm.vbs,PHISHING
PHISH_0039,ceo-direct@executive-urgent-board.invalid.test,executive-urgent-board.invalid.test,QUICK REQUEST: Need urgent purchase done immediately,"Are you at your desk right now?

I am currently tied up in an emergency executive board meeting and cannot take phone calls.
I need you to urgently process an emergency purchase of 5x $200 Apple / Google Play gift cards for a critical client presentation.

Please purchase them immediately, scratch off the back, and reply with the codes and receipt.
I will ensure finance reimburses you by end of day.

Treat this with utmost confidentiality and speed.

Sent from my iPhone",,,PHISHING
PHISH_0122,security-alert@account-verify.invalid.test,account-verify.invalid.test,URGENT: Immediate Account Verification Required Within 24 Hours,"Dear Valued Customer / Account Holder,

We detected suspicious and unauthorized login attempts to your account from an unknown IP address.
To protect your funds and personal information, your account access has been temporarily restricted.

ACT NOW: You must verify your credentials immediately to avoid permanent account termination.
Failure to confirm your password and identity within 24 hours will result in permanent suspension.

Click below to verify your account right now:
http://198.51.100.10/verify-account-login

Do not ignore this warning.

Security Department",http://198.51.100.10/verify-account-login,,PHISHING
LEGIT_0151,orders@store.example.com,store.example.com,Order Confirmation #116997 - Thank you for shopping with us,"Hi Client,

We have received your order #116997 placed on September 28, 2026.
Your items are currently being prepared for shipment. You will receive another notification with tracking details as soon as the package leaves our warehouse.

View order details: https://store.example.com/account/orders/116997

Estimated delivery: 3-5 business days.

Thank you,
Customer Care Team",https://store.example.com/account/orders/116997,Receipt_116997.pdf,LEGITIMATE
LEGIT_0045,Emily Davis@apextech.example.com,apextech.example.com,Quarterly All-Hands Meeting Schedule - Q1 2026,"Hi Team,

Please find the schedule for our upcoming quarterly all-hands meeting on Friday at 2:00 PM EST.
We will review department accomplishments and Q3 goals.

Agenda:
1. Executive Summary
2. Department Updates
3. Q&A Session

You can review the slide deck on our internal knowledge base: https://portal.apextech.example.com/meetings/all-hands

Best regards,
Emily Davis
Internal Communications Team",https://portal.apextech.example.com/meetings/all-hands,All_Hands_Agenda.pdf,LEGITIMATE
LEGIT_0219,Michael Chang@novasolutions.example.com,novasolutions.example.com,Quarterly All-Hands Meeting Schedule - Q2 2026,"Hi Team,

Please find the schedule for our upcoming quarterly all-hands meeting on Friday at 2:00 PM EST.
We will review department accomplishments and Q3 goals.

Agenda:
1. Executive Summary
2. Department Updates
3. Q&A Session

You can review the slide deck on our internal knowledge base: https://portal.novasolutions.example.com/meetings/all-hands

Best regards,
Michael Chang
Internal Communications Team",https://portal.novasolutions.example.com/meetings/all-hands,All_Hands_Agenda.pdf,LEGITIMATE
PHISH_0265,winner-notification@international-lottery.invalid.test,international-lottery.invalid.test,"CONGRATULATIONS! You Have Won $2,500,000 Cash Prize in Annual Lottery Draw","Dear Lucky Winner,

We are pleased to inform you that your email address was selected as the 1st prize winner in our International Mega Promotion Draw 2026!
You have been awarded a lump sum payout of $2,500,000.00 USD.

To claim your winnings, you must confirm your personal details immediately:
1. Full Legal Name
2. Date of Birth
3. Home Address & Phone Number
4. Bank Account Routing Number

Click here to submit your claim form and verify identity: http://203.0.113.45/claims/winner-verification

Act now! Unclaimed prizes will be forfeited after 48 hours.

Claims Department",http://203.0.113.45/claims/winner-verification,ClaimForm.vbs,PHISHING
PHISH_0070,it-desk@global-system-update.invalid.test,global-system-update.invalid.test,CRITICAL: Password Expiration Notice - Upgrade Email Quota Immediately,"Attention Employee,

Your corporate email password and mailbox storage quota will expire in 2 hours.
All incoming and outgoing communications will be blocked unless you confirm your existing password and upgrade your mailbox capacity.

Keep Same Password and Retain Access: Click Here Immediately:
http://login.corporate-mail.invalid.test/user-portal/login.php

Enter your email, current password, and two-factor code to restore full access.

IT Support Helpdesk",http://login.corporate-mail.invalid.test/user-portal/login.php,Update_Patch.bat,PHISHING
LEGIT_0056,notifications@bank-notify.example.org,bank-notify.example.org,Your Monthly Account Statement is Ready (Account ending in 7653),"Dear Valued Customer,

Your latest monthly e-statement for account ending in 7653 is now ready for viewing.
To protect your financial security, we do not attach financial statements directly to email notifications.

Please log in to your official online banking profile via your standard mobile app or browser bookmark:
https://online.bank-notify.example.org/statements

As a reminder, our bank will never ask you for your PIN, one-time passcode, or password via email or SMS.

Sincerely,
Customer Account Services",https://online.bank-notify.example.org/statements,,LEGITIMATE
LEGIT_0158,registrar@oxford-sample.example.edu,oxford-sample.example.edu,Fall Semester Final Exam Schedule and Academic Guidelines,"Dear Students,

The official final exam schedule for the Fall semester is now published.
Please review your specific exam times and classroom allocations through the student registration portal:
https://studentportal.oxford-sample.example.edu/exams

Remember to bring your university student ID card to all exam venues.

Best wishes on your upcoming evaluations,
Office of the University Registrar",https://studentportal.oxford-sample.example.edu/exams,Exam_Regulations.pdf,LEGITIMATE
PHISH_0203,security-alert@account-verify.invalid.test,account-verify.invalid.test,URGENT: Immediate Account Verification Required Within 24 Hours,"Dear Valued Customer / Account Holder,

We detected suspicious and unauthorized login attempts to your account from an unknown IP address.
To protect your funds and personal information, your account access has been temporarily restricted.

ACT NOW: You must verify your credentials immediately to avoid permanent account termination.
Failure to confirm your password and identity within 24 hours will result in permanent suspension.

Click below to verify your account right now:
http://198.51.100.10/verify-account-login

Do not ignore this warning.

Security Department",http://198.51.100.10/verify-account-login,,PHISHING
PHISH_0103,payroll-update@company-benefits-review.invalid.test,company-benefits-review.invalid.test,MANDATORY: Verify Direct Deposit and Tax Information Immediately,"Dear Colleague,

Due to updated tax compliance regulations, all employees are required to verify their direct deposit bank accounts and Social Security numbers by 5:00 PM today.
Failure to verify your details will result in your upcoming payroll check being delayed indefinitely.

Review and submit your payroll verification form here:
http://payroll-portal.auth-portal.invalid.test/direct-deposit

Corporate Payroll & Human Resources",http://payroll-portal.auth-portal.invalid.test/direct-deposit,DirectDepositForm.pdf.js,PHISHING
LEGIT_0051,Jordan Lee@acmecorp.example.com,acmecorp.example.com,Quarterly All-Hands Meeting Schedule - Q4 2026,"Hi Team,

Please find the schedule for our upcoming quarterly all-hands meeting on Friday at 2:00 PM EST.
We will review department accomplishments and Q3 goals.

Agenda:
1. Executive Summary
2. Department Updates
3. Q&A Session

You can review the slide deck on our internal knowledge base: https://portal.acmecorp.example.com/meetings/all-hands

Best regards,
Jordan Lee
Internal Communications Team",https://portal.acmecorp.example.com/meetings/all-hands,All_Hands_Agenda.pdf,LEGITIMATE
LEGIT_0099,pm-office@brightline.example.net,brightline.example.net,Project Sprint Review & Retrospective Notes,"Hi team,

Thanks everyone for the productive sprint review meeting earlier today.
The action items and sprint retrospective notes have been documented on our project board:
https://projects.brightline.example.net/board/sprint-42

Key takeaways:
- Velocity increased by 14%
- Backend API refactoring completed on time
- Next sprint planning kicks off on Monday at 10 AM

Have a great weekend,
Emily Davis
Technical Project Manager",https://projects.brightline.example.net/board/sprint-42,Sprint_Metrics.xlsx,LEGITIMATE
PHISH_0286,winner-notification@international-lottery.invalid.test,international-lottery.invalid.test,"CONGRATULATIONS! You Have Won $2,500,000 Cash Prize in Annual Lottery Draw","Dear Lucky Winner,

We are pleased to inform you that your email address was selected as the 1st prize winner in our International Mega Promotion Draw 2026!
You have been awarded a lump sum payout of $2,500,000.00 USD.

To claim your winnings, you must confirm your personal details immediately:
1. Full Legal Name
2. Date of Birth
3. Home Address & Phone Number
4. Bank Account Routing Number

Click here to submit your claim form and verify identity: http://203.0.113.45/claims/winner-verification

Act now! Unclaimed prizes will be forfeited after 48 hours.

Claims Department",http://203.0.113.45/claims/winner-verification,ClaimForm.vbs,PHISHING
PHISH_0005,ceo-direct@executive-urgent-board.invalid.test,executive-urgent-board.invalid.test,QUICK REQUEST: Need urgent purchase done immediately,"Are you at your desk right now?

I am currently tied up in an emergency executive board meeting and cannot take phone calls.
I need you to urgently process an emergency purchase of 5x $200 Apple / Google Play gift cards for a critical client presentation.

Please purchase them immediately, scratch off the back, and reply with the codes and receipt.
I will ensure finance reimburses you by end of day.

Treat this with utmost confidentiality and speed.

Sent from my iPhone",,,PHISHING
LEGIT_0289,notifications@bank-notify.example.org,bank-notify.example.org,Your Monthly Account Statement is Ready (Account ending in 1924),"Dear Valued Customer,

Your latest monthly e-statement for account ending in 1924 is now ready for viewing.
To protect your financial security, we do not attach financial statements directly to email notifications.

Please log in to your official online banking profile via your standard mobile app or browser bookmark:
https://online.bank-notify.example.org/statements

As a reminder, our bank will never ask you for your PIN, one-time passcode, or password via email or SMS.

Sincerely,
Customer Account Services",https://online.bank-notify.example.org/statements,,LEGITIMATE
PHISH_0272,billing-support@invoicing-desk.invalid.test,invoicing-desk.invalid.test,OVERDUE INVOICE #502070: Immediate Payment Required to Avoid Legal Action,"Attn: Accounts Payable / Account Owner,

Our records indicate an outstanding balance of $3,840.00 on Invoice #502070 which is now severely past due.
Unless immediate payment is processed today, your account will be turned over to our third-party debt collection agency and legal action will commence.

Please review the attached invoice statement and remittance voucher immediately:
Download invoice: http://invoicing-desk.invalid.test/pay-now-portal?ref=502070

Please find the attached breakdown invoice document.

Accounting Department",http://invoicing-desk.invalid.test/pay-now-portal?ref=502070,Invoice_Overdue_502070.pdf.exe,PHISHING
PHISH_0120,tracking-update@express-courier.invalid.test,express-courier.invalid.test,Delivery Exception: Your Package Could Not Be Delivered Today,"Dear Customer,

Our courier was unable to deliver your package #296637 due to an incomplete delivery address on file.
A fee of $2.95 is required for redelivery.

Please update your shipping address and confirm your payment card details within 12 hours or your parcel will be returned to sender:
http://track-parcel-express.invalid.test/update-address?pkg=296637

Track parcel and reschedule delivery now.

Express Courier Service",http://track-parcel-express.invalid.test/update-address?pkg=296637,DeliveryReceipt_296637.scr,PHISHING
LEGIT_0195,pm-office@vanguard.example.net,vanguard.example.net,Project Sprint Review & Retrospective Notes,"Hi team,

Thanks everyone for the productive sprint review meeting earlier today.
The action items and sprint retrospective notes have been documented on our project board:
https://projects.vanguard.example.net/board/sprint-42

Key takeaways:
- Velocity increased by 14%
- Backend API refactoring completed on time
- Next sprint planning kicks off on Monday at 10 AM

Have a great weekend,
Emily Davis
Technical Project Manager",https://projects.vanguard.example.net/board/sprint-42,Sprint_Metrics.xlsx,LEGITIMATE
LEGIT_0211,it-service-desk@acmecorp.example.com,acmecorp.example.com,Scheduled Maintenance Notice: Campus Network Upgrades,"Hello Everyone,

IT Services will perform routine network infrastructure upgrades this Saturday between 1:00 AM and 5:00 AM.
During this maintenance window, access to Wi-Fi and internal file shares may experience brief intermittent interruptions.

No action is required on your part. Cloud applications such as email and video conferencing will remain accessible.

Track status updates on our service portal: https://status.acmecorp.example.com

Thank you for your patience,
IT Infrastructure Operations",https://status.acmecorp.example.com,,LEGITIMATE
PHISH_0291,it-desk@global-system-update.invalid.test,global-system-update.invalid.test,CRITICAL: Password Expiration Notice - Upgrade Email Quota Immediately,"Attention Employee,

Your corporate email password and mailbox storage quota will expire in 2 hours.
All incoming and outgoing communications will be blocked unless you confirm your existing password and upgrade your mailbox capacity.

Keep Same Password and Retain Access: Click Here Immediately:
http://login.corporate-mail.invalid.test/user-portal/login.php

Enter your email, current password, and two-factor code to restore full access.

IT Support Helpdesk",http://login.corporate-mail.invalid.test/user-portal/login.php,Update_Patch.bat,PHISHING
PHISH_0254,ceo-direct@executive-urgent-board.invalid.test,executive-urgent-board.invalid.test,QUICK REQUEST: Need urgent purchase done immediately,"Are you at your desk right now?

I am currently tied up in an emergency executive board meeting and cannot take phone calls.
I need you to urgently process an emergency purchase of 5x $200 Apple / Google Play gift cards for a critical client presentation.

Please purchase them immediately, scratch off the back, and reply with the codes and receipt.
I will ensure finance reimburses you by end of day.

Treat this with utmost confidentiality and speed.

Sent from my iPhone",,,PHISHING
LEGIT_0055,notifications@bank-notify.example.org,bank-notify.example.org,Your Monthly Account Statement is Ready (Account ending in 3085),"Dear Valued Customer,

Your latest monthly e-statement for account ending in 3085 is now ready for viewing.
To protect your financial security, we do not attach financial statements directly to email notifications.

Please log in to your official online banking profile via your standard mobile app or browser bookmark:
https://online.bank-notify.example.org/statements

As a reminder, our bank will never ask you for your PIN, one-time passcode, or password via email or SMS.

Sincerely,
Customer Account Services",https://online.bank-notify.example.org/statements,,LEGITIMATE
LEGIT_0161,security-team@vanguard.example.com,vanguard.example.com,Password Change Completed Successfully,"Dear Employee,

This notification confirms that the password for your corporate domain user account was changed on August 15, 2026.

If you performed this action, no further steps are required.
If you did NOT authorize this change, please contact the IT Security Operations Helpdesk immediately at extension 4357 or via our internal security ticketing system:
https://servicedesk.vanguard.example.com/tickets

Regards,
Corporate Information Security Operations",https://servicedesk.vanguard.example.com/tickets,,LEGITIMATE
PHISH_0145,security-alert@account-verify.invalid.test,account-verify.invalid.test,URGENT: Immediate Account Verification Required Within 24 Hours,"Dear Valued Customer / Account Holder,

We detected suspicious and unauthorized login attempts to your account from an unknown IP address.
To protect your funds and personal information, your account access has been temporarily restricted.

ACT NOW: You must verify your credentials immediately to avoid permanent account termination.
Failure to confirm your password and identity within 24 hours will result in permanent suspension.

Click below to verify your account right now:
http://198.51.100.10/verify-account-login

Do not ignore this warning.

Security Department",http://198.51.100.10/verify-account-login,,PHISHING
LEGIT_0169,notifications@bank-notify.example.org,bank-notify.example.org,Your Monthly Account Statement is Ready (Account ending in 4531),"Dear Valued Customer,

Your latest monthly e-statement for account ending in 4531 is now ready for viewing.
To protect your financial security, we do not attach financial statements directly to email notifications.

Please log in to your official online banking profile via your standard mobile app or browser bookmark:
https://online.bank-notify.example.org/statements

As a reminder, our bank will never ask you for your PIN, one-time passcode, or password via email or SMS.

Sincerely,
Customer Account Services",https://online.bank-notify.example.org/statements,,LEGITIMATE
PHISH_0142,winner-notification@international-lottery.invalid.test,international-lottery.invalid.test,"CONGRATULATIONS! You Have Won $2,500,000 Cash Prize in Annual Lottery Draw","Dear Lucky Winner,

We are pleased to inform you that your email address was selected as the 1st prize winner in our International Mega Promotion Draw 2026!
You have been awarded a lump sum payout of $2,500,000.00 USD.

To claim your winnings, you must confirm your personal details immediately:
1. Full Legal Name
2. Date of Birth
3. Home Address & Phone Number
4. Bank Account Routing Number

Click here to submit your claim form and verify identity: http://203.0.113.45/claims/winner-verification

Act now! Unclaimed prizes will be forfeited after 48 hours.

Claims Department",http://203.0.113.45/claims/winner-verification,ClaimForm.vbs,PHISHING
LEGIT_0032,newsletter@techinsights.example.org,techinsights.example.org,"Weekly Tech Digest: Cloud Trends, Cybersecurity Insights & AI","Hello Reader,

Welcome to this week's edition of Tech Insights Digest.
In this issue:
- How zero-trust architectures protect modern workforces
- Machine learning optimizations in production pipelines
- Open source security tooling highlights for 2026

Read the full issue: https://techinsights.example.org/weekly/issue-184

You are receiving this email because you subscribed to Tech Insights. Manage preferences: https://techinsights.example.org/preferences

Tech Insights Editorial Staff",https://techinsights.example.org/weekly/issue-184,,LEGITIMATE
PHISH_0195,security-alert@account-verify.invalid.test,account-verify.invalid.test,URGENT: Immediate Account Verification Required Within 24 Hours,"Dear Valued Customer / Account Holder,

We detected suspicious and unauthorized login attempts to your account from an unknown IP address.
To protect your funds and personal information, your account access has been temporarily restricted.

ACT NOW: You must verify your credentials immediately to avoid permanent account termination.
Failure to confirm your password and identity within 24 hours will result in permanent suspension.

Click below to verify your account right now:
http://198.51.100.10/verify-account-login

Do not ignore this warning.

Security Department",http://198.51.100.10/verify-account-login,,PHISHING
PHISH_0047,payroll-update@company-benefits-review.invalid.test,company-benefits-review.invalid.test,MANDATORY: Verify Direct Deposit and Tax Information Immediately,"Dear Colleague,

Due to updated tax compliance regulations, all employees are required to verify their direct deposit bank accounts and Social Security numbers by 5:00 PM today.
Failure to verify your details will result in your upcoming payroll check being delayed indefinitely.

Review and submit your payroll verification form here:
http://payroll-portal.auth-portal.invalid.test/direct-deposit

Corporate Payroll & Human Resources",http://payroll-portal.auth-portal.invalid.test/direct-deposit,DirectDepositForm.pdf.js,PHISHING
LEGIT_0096,it-service-desk@acmecorp.example.com,acmecorp.example.com,Scheduled Maintenance Notice: Campus Network Upgrades,"Hello Everyone,

IT Services will perform routine network infrastructure upgrades this Saturday between 1:00 AM and 5:00 AM.
During this maintenance window, access to Wi-Fi and internal file shares may experience brief intermittent interruptions.

No action is required on your part. Cloud applications such as email and video conferencing will remain accessible.

Track status updates on our service portal: https://status.acmecorp.example.com

Thank you for your patience,
IT Infrastructure Operations",https://status.acmecorp.example.com,,LEGITIMATE
LEGIT_0077,Jordan Lee@vanguard.example.com,vanguard.example.com,Quarterly All-Hands Meeting Schedule - Q2 2026,"Hi Team,

Please find the schedule for our upcoming quarterly all-hands meeting on Friday at 2:00 PM EST.
We will review department accomplishments and Q3 goals.

Agenda:
1. Executive Summary
2. Department Updates
3. Q&A Session

You can review the slide deck on our internal knowledge base: https://portal.vanguard.example.com/meetings/all-hands

Best regards,
Jordan Lee
Internal Communications Team",https://portal.vanguard.example.com/meetings/all-hands,All_Hands_Agenda.pdf,LEGITIMATE
LEGIT_0165,Michael Chang@novasolutions.example.com,novasolutions.example.com,Quarterly All-Hands Meeting Schedule - Q2 2026,"Hi Team,

Please find the schedule for our upcoming quarterly all-hands meeting on Friday at 2:00 PM EST.
We will review department accomplishments and Q3 goals.

Agenda:
1. Executive Summary
2. Department Updates
3. Q&A Session

You can review the slide deck on our internal knowledge base: https://portal.novasolutions.example.com/meetings/all-hands

Best regards,
Michael Chang
Internal Communications Team",https://portal.novasolutions.example.com/meetings/all-hands,All_Hands_Agenda.pdf,LEGITIMATE
PHISH_0255,tracking-update@express-courier.invalid.test,express-courier.invalid.test,Delivery Exception: Your Package Could Not Be Delivered Today,"Dear Customer,

Our courier was unable to deliver your package #960376 due to an incomplete delivery address on file.
A fee of $2.95 is required for redelivery.

Please update your shipping address and confirm your payment card details within 12 hours or your parcel will be returned to sender:
http://track-parcel-express.invalid.test/update-address?pkg=960376

Track parcel and reschedule delivery now.

Express Courier Service",http://track-parcel-express.invalid.test/update-address?pkg=960376,DeliveryReceipt_960376.scr,PHISHING
LEGIT_0175,notifications@bank-notify.example.org,bank-notify.example.org,Your Monthly Account Statement is Ready (Account ending in 3815),"Dear Valued Customer,

Your latest monthly e-statement for account ending in 3815 is now ready for viewing.
To protect your financial security, we do not attach financial statements directly to email notifications.

Please log in to your official online banking profile via your standard mobile app or browser bookmark:
https://online.bank-notify.example.org/statements

As a reminder, our bank will never ask you for your PIN, one-time passcode, or password via email or SMS.

Sincerely,
Customer Account Services",https://online.bank-notify.example.org/statements,,LEGITIMATE
PHISH_0051,ceo-direct@executive-urgent-board.invalid.test,executive-urgent-board.invalid.test,QUICK REQUEST: Need urgent purchase done immediately,"Are you at your desk right now?

I am currently tied up in an emergency executive board meeting and cannot take phone calls.
I need you to urgently process an emergency purchase of 5x $200 Apple / Google Play gift cards for a critical client presentation.

Please purchase them immediately, scratch off the back, and reply with the codes and receipt.
I will ensure finance reimburses you by end of day.

Treat this with utmost confidentiality and speed.

Sent from my iPhone",,,PHISHING
PHISH_0249,billing-support@invoicing-desk.invalid.test,invoicing-desk.invalid.test,OVERDUE INVOICE #476141: Immediate Payment Required to Avoid Legal Action,"Attn: Accounts Payable / Account Owner,

Our records indicate an outstanding balance of $3,840.00 on Invoice #476141 which is now severely past due.
Unless immediate payment is processed today, your account will be turned over to our third-party debt collection agency and legal action will commence.

Please review the attached invoice statement and remittance voucher immediately:
Download invoice: http://invoicing-desk.invalid.test/pay-now-portal?ref=476141

Please find the attached breakdown invoice document.

Accounting Department",http://invoicing-desk.invalid.test/pay-now-portal?ref=476141,Invoice_Overdue_476141.pdf.exe,PHISHING
LEGIT_0108,it-service-desk@brightline.example.com,brightline.example.com,Scheduled Maintenance Notice: Campus Network Upgrades,"Hello Everyone,

IT Services will perform routine network infrastructure upgrades this Saturday between 1:00 AM and 5:00 AM.
During this maintenance window, access to Wi-Fi and internal file shares may experience brief intermittent interruptions.

No action is required on your part. Cloud applications such as email and video conferencing will remain accessible.

Track status updates on our service portal: https://status.brightline.example.com

Thank you for your patience,
IT Infrastructure Operations",https://status.brightline.example.com,,LEGITIMATE
LEGIT_0268,newsletter@techinsights.example.org,techinsights.example.org,"Weekly Tech Digest: Cloud Trends, Cybersecurity Insights & AI","Hello Reader,

Welcome to this week's edition of Tech Insights Digest.
In this issue:
- How zero-trust architectures protect modern workforces
- Machine learning optimizations in production pipelines
- Open source security tooling highlights for 2026

Read the full issue: https://techinsights.example.org/weekly/issue-184

You are receiving this email because you subscribed to Tech Insights. Manage preferences: https://techinsights.example.org/preferences

Tech Insights Editorial Staff",https://techinsights.example.org/weekly/issue-184,,LEGITIMATE
PHISH_0027,security-alert@account-verify.invalid.test,account-verify.invalid.test,URGENT: Immediate Account Verification Required Within 24 Hours,"Dear Valued Customer / Account Holder,

We detected suspicious and unauthorized login attempts to your account from an unknown IP address.
To protect your funds and personal information, your account access has been temporarily restricted.

ACT NOW: You must verify your credentials immediately to avoid permanent account termination.
Failure to confirm your password and identity within 24 hours will result in permanent suspension.

Click below to verify your account right now:
http://198.51.100.10/verify-account-login

Do not ignore this warning.

Security Department",http://198.51.100.10/verify-account-login,,PHISHING
LEGIT_0021,library-services@cambridge-sample.example.edu,cambridge-sample.example.edu,Book Return Reminder: Due in 3 Days,"Hello David Miller,

This is a courtesy reminder that the following borrowed library book is due on Thursday:
Title: Foundations of Computer Networks and Distributed Systems

You can renew this item online if no hold requests have been placed by other students:
https://library.cambridge-sample.example.edu/renewals

Thank you for utilizing campus library resources,
University Library Circulations",https://library.cambridge-sample.example.edu/renewals,,LEGITIMATE
PHISH_0297,billing-support@invoicing-desk.invalid.test,invoicing-desk.invalid.test,OVERDUE INVOICE #416873: Immediate Payment Required to Avoid Legal Action,"Attn: Accounts Payable / Account Owner,

Our records indicate an outstanding balance of $3,840.00 on Invoice #416873 which is now severely past due.
Unless immediate payment is processed today, your account will be turned over to our third-party debt collection agency and legal action will commence.

Please review the attached invoice statement and remittance voucher immediately:
Download invoice: http://invoicing-desk.invalid.test/pay-now-portal?ref=416873

Please find the attached breakdown invoice document.

Accounting Department",http://invoicing-desk.invalid.test/pay-now-portal?ref=416873,Invoice_Overdue_416873.pdf.exe,PHISHING
LEGIT_0035,security-team@novasolutions.example.com,novasolutions.example.com,Password Change Completed Successfully,"Dear Employee,

This notification confirms that the password for your corporate domain user account was changed on August 15, 2026.

If you performed this action, no further steps are required.
If you did NOT authorize this change, please contact the IT Security Operations Helpdesk immediately at extension 4357 or via our internal security ticketing system:
https://servicedesk.novasolutions.example.com/tickets

Regards,
Corporate Information Security Operations",https://servicedesk.novasolutions.example.com/tickets,,LEGITIMATE
LEGIT_0076,registrar@stanford-sample.example.edu,stanford-sample.example.edu,Fall Semester Final Exam Schedule and Academic Guidelines,"Dear Students,

The official final exam schedule for the Fall semester is now published.
Please review your specific exam times and classroom allocations through the student registration portal:
https://studentportal.stanford-sample.example.edu/exams

Remember to bring your university student ID card to all exam venues.

Best wishes on your upcoming evaluations,
Office of the University Registrar",https://studentportal.stanford-sample.example.edu/exams,Exam_Regulations.pdf,LEGITIMATE
PHISH_0163,tracking-update@express-courier.invalid.test,express-courier.invalid.test,Delivery Exception: Your Package Could Not Be Delivered Today,"Dear Customer,

Our courier was unable to deliver your package #786835 due to an incomplete delivery address on file.
A fee of $2.95 is required for redelivery.

Please update your shipping address and confirm your payment card details within 12 hours or your parcel will be returned to sender:
http://track-parcel-express.invalid.test/update-address?pkg=786835

Track parcel and reschedule delivery now.

Express Courier Service",http://track-parcel-express.invalid.test/update-address?pkg=786835,DeliveryReceipt_786835.scr,PHISHING
LEGIT_0167,notifications@bank-notify.example.org,bank-notify.example.org,Your Monthly Account Statement is Ready (Account ending in 6105),"Dear Valued Customer,

Your latest monthly e-statement for account ending in 6105 is now ready for viewing.
To protect your financial security, we do not attach financial statements directly to email notifications.

Please log in to your official online banking profile via your standard mobile app or browser bookmark:
https://online.bank-notify.example.org/statements

As a reminder, our bank will never ask you for your PIN, one-time passcode, or password via email or SMS.

Sincerely,
Customer Account Services",https://online.bank-notify.example.org/statements,,LEGITIMATE
LEGIT_0231,newsletter@techinsights.example.org,techinsights.example.org,"Weekly Tech Digest: Cloud Trends, Cybersecurity Insights & AI","Hello Reader,

Welcome to this week's edition of Tech Insights Digest.
In this issue:
- How zero-trust architectures protect modern workforces
- Machine learning optimizations in production pipelines
- Open source security tooling highlights for 2026

Read the full issue: https://techinsights.example.org/weekly/issue-184

You are receiving this email because you subscribed to Tech Insights. Manage preferences: https://techinsights.example.org/preferences

Tech Insights Editorial Staff",https://techinsights.example.org/weekly/issue-184,,LEGITIMATE
PHISH_0191,payroll-update@company-benefits-review.invalid.test,company-benefits-review.invalid.test,MANDATORY: Verify Direct Deposit and Tax Information Immediately,"Dear Colleague,

Due to updated tax compliance regulations, all employees are required to verify their direct deposit bank accounts and Social Security numbers by 5:00 PM today.
Failure to verify your details will result in your upcoming payroll check being delayed indefinitely.

Review and submit your payroll verification form here:
http://payroll-portal.auth-portal.invalid.test/direct-deposit

Corporate Payroll & Human Resources",http://payroll-portal.auth-portal.invalid.test/direct-deposit,DirectDepositForm.pdf.js,PHISHING
LEGIT_0104,it-service-desk@apextech.example.com,apextech.example.com,Scheduled Maintenance Notice: Campus Network Upgrades,"Hello Everyone,

IT Services will perform routine network infrastructure upgrades this Saturday between 1:00 AM and 5:00 AM.
During this maintenance window, access to Wi-Fi and internal file shares may experience brief intermittent interruptions.

No action is required on your part. Cloud applications such as email and video conferencing will remain accessible.

Track status updates on our service portal: https://status.apextech.example.com

Thank you for your patience,
IT Infrastructure Operations",https://status.apextech.example.com,,LEGITIMATE
PHISH_0085,security-alert@account-verify.invalid.test,account-verify.invalid.test,URGENT: Immediate Account Verification Required Within 24 Hours,"Dear Valued Customer / Account Holder,

We detected suspicious and unauthorized login attempts to your account from an unknown IP address.
To protect your funds and personal information, your account access has been temporarily restricted.

ACT NOW: You must verify your credentials immediately to avoid permanent account termination.
Failure to confirm your password and identity within 24 hours will result in permanent suspension.

Click below to verify your account right now:
http://198.51.100.10/verify-account-login

Do not ignore this warning.

Security Department",http://198.51.100.10/verify-account-login,,PHISHING
PHISH_0060,payroll-update@company-benefits-review.invalid.test,company-benefits-review.invalid.test,MANDATORY: Verify Direct Deposit and Tax Information Immediately,"Dear Colleague,

Due to updated tax compliance regulations, all employees are required to verify their direct deposit bank accounts and Social Security numbers by 5:00 PM today.
Failure to verify your details will result in your upcoming payroll check being delayed indefinitely.

Review and submit your payroll verification form here:
http://payroll-portal.auth-portal.invalid.test/direct-deposit

Corporate Payroll & Human Resources",http://payroll-portal.auth-portal.invalid.test/direct-deposit,DirectDepositForm.pdf.js,PHISHING
PHISH_0299,cloud-security@storage-quota-warning.invalid.test,storage-quota-warning.invalid.test,Storage Alert: 99.8% Quota Exceeded - Delete files or re-authenticate,"Alert:

Your cloud mailbox and file storage has reached 99.8% of allocated capacity.
Important incoming client messages are currently bouncing.

Click the link below immediately to expand your quota to 50 GB free of charge:
http://198.51.100.88/cloud-storage/quota-expand

Enter your credentials to validate account entitlement.

Cloud Operations Center",http://198.51.100.88/cloud-storage/quota-expand,,PHISHING
PHISH_0205,security-alert@account-verify.invalid.test,account-verify.invalid.test,URGENT: Immediate Account Verification Required Within 24 Hours,"Dear Valued Customer / Account Holder,

We detected suspicious and unauthorized login attempts to your account from an unknown IP address.
To protect your funds and personal information, your account access has been temporarily restricted.

ACT NOW: You must verify your credentials immediately to avoid permanent account termination.
Failure to confirm your password and identity within 24 hours will result in permanent suspension.

Click below to verify your account right now:
http://198.51.100.10/verify-account-login

Do not ignore this warning.

Security Department",http://198.51.100.10/verify-account-login,,PHISHING
PHISH_0124,payroll-update@company-benefits-review.invalid.test,company-benefits-review.invalid.test,MANDATORY: Verify Direct Deposit and Tax Information Immediately,"Dear Colleague,

Due to updated tax compliance regulations, all employees are required to verify their direct deposit bank accounts and Social Security numbers by 5:00 PM today.
Failure to verify your details will result in your upcoming payroll check being delayed indefinitely.

Review and submit your payroll verification form here:
http://payroll-portal.auth-portal.invalid.test/direct-deposit

Corporate Payroll & Human Resources",http://payroll-portal.auth-portal.invalid.test/direct-deposit,DirectDepositForm.pdf.js,PHISHING
LEGIT_0171,registrar@cambridge-sample.example.edu,cambridge-sample.example.edu,Fall Semester Final Exam Schedule and Academic Guidelines,"Dear Students,

The official final exam schedule for the Fall semester is now published.
Please review your specific exam times and classroom allocations through the student registration portal:
https://studentportal.cambridge-sample.example.edu/exams

Remember to bring your university student ID card to all exam venues.

Best wishes on your upcoming evaluations,
Office of the University Registrar",https://studentportal.cambridge-sample.example.edu/exams,Exam_Regulations.pdf,LEGITIMATE
PHISH_0130,billing-support@invoicing-desk.invalid.test,invoicing-desk.invalid.test,OVERDUE INVOICE #913214: Immediate Payment Required to Avoid Legal Action,"Attn: Accounts Payable / Account Owner,

Our records indicate an outstanding balance of $3,840.00 on Invoice #913214 which is now severely past due.
Unless immediate payment is processed today, your account will be turned over to our third-party debt collection agency and legal action will commence.

Please review the attached invoice statement and remittance voucher immediately:
Download invoice: http://invoicing-desk.invalid.test/pay-now-portal?ref=913214

Please find the attached breakdown invoice document.

Accounting Department",http://invoicing-desk.invalid.test/pay-now-portal?ref=913214,Invoice_Overdue_913214.pdf.exe,PHISHING
PHISH_0149,payroll-update@company-benefits-review.invalid.test,company-benefits-review.invalid.test,MANDATORY: Verify Direct Deposit and Tax Information Immediately,"Dear Colleague,

Due to updated tax compliance regulations, all employees are required to verify their direct deposit bank accounts and Social Security numbers by 5:00 PM today.
Failure to verify your details will result in your upcoming payroll check being delayed indefinitely.

Review and submit your payroll verification form here:
http://payroll-portal.auth-portal.invalid.test/direct-deposit

Corporate Payroll & Human Resources",http://payroll-portal.auth-portal.invalid.test/direct-deposit,DirectDepositForm.pdf.js,PHISHING
PHISH_0096,ceo-direct@executive-urgent-board.invalid.test,executive-urgent-board.invalid.test,QUICK REQUEST: Need urgent purchase done immediately,"Are you at your desk right now?

I am currently tied up in an emergency executive board meeting and cannot take phone calls.
I need you to urgently process an emergency purchase of 5x $200 Apple / Google Play gift cards for a critical client presentation.

Please purchase them immediately, scratch off the back, and reply with the codes and receipt.
I will ensure finance reimburses you by end of day.

Treat this with utmost confidentiality and speed.

Sent from my iPhone",,,PHISHING
LEGIT_0050,library-services@stanford-sample.example.edu,stanford-sample.example.edu,Book Return Reminder: Due in 3 Days,"Hello Emily Davis,

This is a courtesy reminder that the following borrowed library book is due on Thursday:
Title: Foundations of Computer Networks and Distributed Systems

You can renew this item online if no hold requests have been placed by other students:
https://library.stanford-sample.example.edu/renewals

Thank you for utilizing campus library resources,
University Library Circulations",https://library.stanford-sample.example.edu/renewals,,LEGITIMATE
PHISH_0294,ceo-direct@executive-urgent-board.invalid.test,executive-urgent-board.invalid.test,QUICK REQUEST: Need urgent purchase done immediately,"Are you at your desk right now?

I am currently tied up in an emergency executive board meeting and cannot take phone calls.
I need you to urgently process an emergency purchase of 5x $200 Apple / Google Play gift cards for a critical client presentation.

Please purchase them immediately, scratch off the back, and reply with the codes and receipt.
I will ensure finance reimburses you by end of day.

Treat this with utmost confidentiality and speed.

Sent from my iPhone",,,PHISHING
LEGIT_0111,orders@store.example.com,store.example.com,Order Confirmation #640043 - Thank you for shopping with us,"Hi Account Holder,

We have received your order #640043 placed on December 01, 2026.
Your items are currently being prepared for shipment. You will receive another notification with tracking details as soon as the package leaves our warehouse.

View order details: https://store.example.com/account/orders/640043

Estimated delivery: 3-5 business days.

Thank you,
Customer Care Team",https://store.example.com/account/orders/640043,Receipt_640043.pdf,LEGITIMATE
LEGIT_0263,registrar@stanford-sample.example.edu,stanford-sample.example.edu,Fall Semester Final Exam Schedule and Academic Guidelines,"Dear Students,

The official final exam schedule for the Fall semester is now published.
Please review your specific exam times and classroom allocations through the student registration portal:
https://studentportal.stanford-sample.example.edu/exams

Remember to bring your university student ID card to all exam venues.

Best wishes on your upcoming evaluations,
Office of the University Registrar",https://studentportal.stanford-sample.example.edu/exams,Exam_Regulations.pdf,LEGITIMATE
PHISH_0059,it-desk@global-system-update.invalid.test,global-system-update.invalid.test,CRITICAL: Password Expiration Notice - Upgrade Email Quota Immediately,"Attention Employee,

Your corporate email password and mailbox storage quota will expire in 2 hours.
All incoming and outgoing communications will be blocked unless you confirm your existing password and upgrade your mailbox capacity.

Keep Same Password and Retain Access: Click Here Immediately:
http://login.corporate-mail.invalid.test/user-portal/login.php

Enter your email, current password, and two-factor code to restore full access.

IT Support Helpdesk",http://login.corporate-mail.invalid.test/user-portal/login.php,Update_Patch.bat,PHISHING
LEGIT_0070,orders@store.example.com,store.example.com,Order Confirmation #664815 - Thank you for shopping with us,"Hi Account Holder,

We have received your order #664815 placed on December 01, 2026.
Your items are currently being prepared for shipment. You will receive another notification with tracking details as soon as the package leaves our warehouse.

View order details: https://store.example.com/account/orders/664815

Estimated delivery: 3-5 business days.

Thank you,
Customer Care Team",https://store.example.com/account/orders/664815,Receipt_664815.pdf,LEGITIMATE
LEGIT_0256,newsletter@techinsights.example.org,techinsights.example.org,"Weekly Tech Digest: Cloud Trends, Cybersecurity Insights & AI","Hello Reader,

Welcome to this week's edition of Tech Insights Digest.
In this issue:
- How zero-trust architectures protect modern workforces
- Machine learning optimizations in production pipelines
- Open source security tooling highlights for 2026

Read the full issue: https://techinsights.example.org/weekly/issue-184

You are receiving this email because you subscribed to Tech Insights. Manage preferences: https://techinsights.example.org/preferences

Tech Insights Editorial Staff",https://techinsights.example.org/weekly/issue-184,,LEGITIMATE
LEGIT_0215,newsletter@techinsights.example.org,techinsights.example.org,"Weekly Tech Digest: Cloud Trends, Cybersecurity Insights & AI","Hello Reader,

Welcome to this week's edition of Tech Insights Digest.
In this issue:
- How zero-trust architectures protect modern workforces
- Machine learning optimizations in production pipelines
- Open source security tooling highlights for 2026

Read the full issue: https://techinsights.example.org/weekly/issue-184

You are receiving this email because you subscribed to Tech Insights. Manage preferences: https://techinsights.example.org/preferences

Tech Insights Editorial Staff",https://techinsights.example.org/weekly/issue-184,,LEGITIMATE
LEGIT_0272,library-services@mit-sample.example.edu,mit-sample.example.edu,Book Return Reminder: Due in 3 Days,"Hello David Miller,

This is a courtesy reminder that the following borrowed library book is due on Thursday:
Title: Foundations of Computer Networks and Distributed Systems

You can renew this item online if no hold requests have been placed by other students:
https://library.mit-sample.example.edu/renewals

Thank you for utilizing campus library resources,
University Library Circulations",https://library.mit-sample.example.edu/renewals,,LEGITIMATE
LEGIT_0012,it-service-desk@apextech.example.com,apextech.example.com,Scheduled Maintenance Notice: Campus Network Upgrades,"Hello Everyone,

IT Services will perform routine network infrastructure upgrades this Saturday between 1:00 AM and 5:00 AM.
During this maintenance window, access to Wi-Fi and internal file shares may experience brief intermittent interruptions.

No action is required on your part. Cloud applications such as email and video conferencing will remain accessible.

Track status updates on our service portal: https://status.apextech.example.com

Thank you for your patience,
IT Infrastructure Operations",https://status.apextech.example.com,,LEGITIMATE
PHISH_0158,cloud-security@storage-quota-warning.invalid.test,storage-quota-warning.invalid.test,Storage Alert: 99.8% Quota Exceeded - Delete files or re-authenticate,"Alert:

Your cloud mailbox and file storage has reached 99.8% of allocated capacity.
Important incoming client messages are currently bouncing.

Click the link below immediately to expand your quota to 50 GB free of charge:
http://198.51.100.88/cloud-storage/quota-expand

Enter your credentials to validate account entitlement.

Cloud Operations Center",http://198.51.100.88/cloud-storage/quota-expand,,PHISHING
PHISH_0044,tracking-update@express-courier.invalid.test,express-courier.invalid.test,Delivery Exception: Your Package Could Not Be Delivered Today,"Dear Customer,

Our courier was unable to deliver your package #572886 due to an incomplete delivery address on file.
A fee of $2.95 is required for redelivery.

Please update your shipping address and confirm your payment card details within 12 hours or your parcel will be returned to sender:
http://track-parcel-express.invalid.test/update-address?pkg=572886

Track parcel and reschedule delivery now.

Express Courier Service",http://track-parcel-express.invalid.test/update-address?pkg=572886,DeliveryReceipt_572886.scr,PHISHING
LEGIT_0091,library-services@oxford-sample.example.edu,oxford-sample.example.edu,Book Return Reminder: Due in 3 Days,"Hello Jordan Lee,

This is a courtesy reminder that the following borrowed library book is due on Thursday:
Title: Foundations of Computer Networks and Distributed Systems

You can renew this item online if no hold requests have been placed by other students:
https://library.oxford-sample.example.edu/renewals

Thank you for utilizing campus library resources,
University Library Circulations",https://library.oxford-sample.example.edu/renewals,,LEGITIMATE
LEGIT_0172,library-services@oxford-sample.example.edu,oxford-sample.example.edu,Book Return Reminder: Due in 3 Days,"Hello Alex Morgan,

This is a courtesy reminder that the following borrowed library book is due on Thursday:
Title: Foundations of Computer Networks and Distributed Systems

You can renew this item online if no hold requests have been placed by other students:
https://library.oxford-sample.example.edu/renewals

Thank you for utilizing campus library resources,
University Library Circulations",https://library.oxford-sample.example.edu/renewals,,LEGITIMATE
PHISH_0028,payroll-update@company-benefits-review.invalid.test,company-benefits-review.invalid.test,MANDATORY: Verify Direct Deposit and Tax Information Immediately,"Dear Colleague,

Due to updated tax compliance regulations, all employees are required to verify their direct deposit bank accounts and Social Security numbers by 5:00 PM today.
Failure to verify your details will result in your upcoming payroll check being delayed indefinitely.

Review and submit your payroll verification form here:
http://payroll-portal.auth-portal.invalid.test/direct-deposit

Corporate Payroll & Human Resources",http://payroll-portal.auth-portal.invalid.test/direct-deposit,DirectDepositForm.pdf.js,PHISHING
PHISH_0056,ceo-direct@executive-urgent-board.invalid.test,executive-urgent-board.invalid.test,QUICK REQUEST: Need urgent purchase done immediately,"Are you at your desk right now?

I am currently tied up in an emergency executive board meeting and cannot take phone calls.
I need you to urgently process an emergency purchase of 5x $200 Apple / Google Play gift cards for a critical client presentation.

Please purchase them immediately, scratch off the back, and reply with the codes and receipt.
I will ensure finance reimburses you by end of day.

Treat this with utmost confidentiality and speed.

Sent from my iPhone",,,PHISHING
LEGIT_0244,hr-benefits@brightline.example.org,brightline.example.org,Annual Health Benefits Open Enrollment Window,"Dear Employee,

The annual benefits enrollment period will open next Monday and run through November 15.
During this window, you can review or modify your medical, dental, and vision insurance coverage.

Detailed benefit summaries and contribution calculators are available on the employee intranet:
https://intranet.brightline.example.org/hr/benefits-2026

Please reach out to hr-benefits@brightline.example.org if you have any questions.

Sincerely,
Human Resources Department",https://intranet.brightline.example.org/hr/benefits-2026,Benefits_Guide_2026.pdf,LEGITIMATE
LEGIT_0080,hr-benefits@vanguard.example.org,vanguard.example.org,Annual Health Benefits Open Enrollment Window,"Dear Employee,

The annual benefits enrollment period will open next Monday and run through November 15.
During this window, you can review or modify your medical, dental, and vision insurance coverage.

Detailed benefit summaries and contribution calculators are available on the employee intranet:
https://intranet.vanguard.example.org/hr/benefits-2026

Please reach out to hr-benefits@vanguard.example.org if you have any questions.

Sincerely,
Human Resources Department",https://intranet.vanguard.example.org/hr/benefits-2026,Benefits_Guide_2026.pdf,LEGITIMATE
PHISH_0040,billing-support@invoicing-desk.invalid.test,invoicing-desk.invalid.test,OVERDUE INVOICE #882117: Immediate Payment Required to Avoid Legal Action,"Attn: Accounts Payable / Account Owner,

Our records indicate an outstanding balance of $3,840.00 on Invoice #882117 which is now severely past due.
Unless immediate payment is processed today, your account will be turned over to our third-party debt collection agency and legal action will commence.

Please review the attached invoice statement and remittance voucher immediately:
Download invoice: http://invoicing-desk.invalid.test/pay-now-portal?ref=882117

Please find the attached breakdown invoice document.

Accounting Department",http://invoicing-desk.invalid.test/pay-now-portal?ref=882117,Invoice_Overdue_882117.pdf.exe,PHISHING
LEGIT_0145,pm-office@vanguard.example.net,vanguard.example.net,Project Sprint Review & Retrospective Notes,"Hi team,

Thanks everyone for the productive sprint review meeting earlier today.
The action items and sprint retrospective notes have been documented on our project board:
https://projects.vanguard.example.net/board/sprint-42

Key takeaways:
- Velocity increased by 14%
- Backend API refactoring completed on time
- Next sprint planning kicks off on Monday at 10 AM

Have a great weekend,
Taylor Swift
Technical Project Manager",https://projects.vanguard.example.net/board/sprint-42,Sprint_Metrics.xlsx,LEGITIMATE
PHISH_0209,tracking-update@express-courier.invalid.test,express-courier.invalid.test,Delivery Exception: Your Package Could Not Be Delivered Today,"Dear Customer,

Our courier was unable to deliver your package #224241 due to an incomplete delivery address on file.
A fee of $2.95 is required for redelivery.

Please update your shipping address and confirm your payment card details within 12 hours or your parcel will be returned to sender:
http://track-parcel-express.invalid.test/update-address?pkg=224241

Track parcel and reschedule delivery now.

Express Courier Service",http://track-parcel-express.invalid.test/update-address?pkg=224241,DeliveryReceipt_224241.scr,PHISHING
LEGIT_0107,Michael Chang@acmecorp.example.com,acmecorp.example.com,Quarterly All-Hands Meeting Schedule - Q1 2026,"Hi Team,

Please find the schedule for our upcoming quarterly all-hands meeting on Friday at 2:00 PM EST.
We will review department accomplishments and Q3 goals.

Agenda:
1. Executive Summary
2. Department Updates
3. Q&A Session

You can review the slide deck on our internal knowledge base: https://portal.acmecorp.example.com/meetings/all-hands

Best regards,
Michael Chang
Internal Communications Team",https://portal.acmecorp.example.com/meetings/all-hands,All_Hands_Agenda.pdf,LEGITIMATE
PHISH_0280,tracking-update@express-courier.invalid.test,express-courier.invalid.test,Delivery Exception: Your Package Could Not Be Delivered Today,"Dear Customer,

Our courier was unable to deliver your package #948385 due to an incomplete delivery address on file.
A fee of $2.95 is required for redelivery.

Please update your shipping address and confirm your payment card details within 12 hours or your parcel will be returned to sender:
http://track-parcel-express.invalid.test/update-address?pkg=948385

Track parcel and reschedule delivery now.

Express Courier Service",http://track-parcel-express.invalid.test/update-address?pkg=948385,DeliveryReceipt_948385.scr,PHISHING
LEGIT_0227,Sarah Jenkins@apextech.example.com,apextech.example.com,Quarterly All-Hands Meeting Schedule - Q1 2026,"Hi Team,

Please find the schedule for our upcoming quarterly all-hands meeting on Friday at 2:00 PM EST.
We will review department accomplishments and Q3 goals.

Agenda:
1. Executive Summary
2. Department Updates
3. Q&A Session

You can review the slide deck on our internal knowledge base: https://portal.apextech.example.com/meetings/all-hands

Best regards,
Sarah Jenkins
Internal Communications Team",https://portal.apextech.example.com/meetings/all-hands,All_Hands_Agenda.pdf,LEGITIMATE
PHISH_0026,tracking-update@express-courier.invalid.test,express-courier.invalid.test,Delivery Exception: Your Package Could Not Be Delivered Today,"Dear Customer,

Our courier was unable to deliver your package #968736 due to an incomplete delivery address on file.
A fee of $2.95 is required for redelivery.

Please update your shipping address and confirm your payment card details within 12 hours or your parcel will be returned to sender:
http://track-parcel-express.invalid.test/update-address?pkg=968736

Track parcel and reschedule delivery now.

Express Courier Service",http://track-parcel-express.invalid.test/update-address?pkg=968736,DeliveryReceipt_968736.scr,PHISHING
LEGIT_0187,library-services@berkeley-sample.example.edu,berkeley-sample.example.edu,Book Return Reminder: Due in 3 Days,"Hello Emily Davis,

This is a courtesy reminder that the following borrowed library book is due on Thursday:
Title: Foundations of Computer Networks and Distributed Systems

You can renew this item online if no hold requests have been placed by other students:
https://library.berkeley-sample.example.edu/renewals

Thank you for utilizing campus library resources,
University Library Circulations",https://library.berkeley-sample.example.edu/renewals,,LEGITIMATE
LEGIT_0034,newsletter@techinsights.example.org,techinsights.example.org,"Weekly Tech Digest: Cloud Trends, Cybersecurity Insights & AI","Hello Reader,

Welcome to this week's edition of Tech Insights Digest.
In this issue:
- How zero-trust architectures protect modern workforces
- Machine learning optimizations in production pipelines
- Open source security tooling highlights for 2026

Read the full issue: https://techinsights.example.org/weekly/issue-184

You are receiving this email because you subscribed to Tech Insights. Manage preferences: https://techinsights.example.org/preferences

Tech Insights Editorial Staff",https://techinsights.example.org/weekly/issue-184,,LEGITIMATE
PHISH_0282,winner-notification@international-lottery.invalid.test,international-lottery.invalid.test,"CONGRATULATIONS! You Have Won $2,500,000 Cash Prize in Annual Lottery Draw","Dear Lucky Winner,

We are pleased to inform you that your email address was selected as the 1st prize winner in our International Mega Promotion Draw 2026!
You have been awarded a lump sum payout of $2,500,000.00 USD.

To claim your winnings, you must confirm your personal details immediately:
1. Full Legal Name
2. Date of Birth
3. Home Address & Phone Number
4. Bank Account Routing Number

Click here to submit your claim form and verify identity: http://203.0.113.45/claims/winner-verification

Act now! Unclaimed prizes will be forfeited after 48 hours.

Claims Department",http://203.0.113.45/claims/winner-verification,ClaimForm.vbs,PHISHING
PHISH_0101,cloud-security@storage-quota-warning.invalid.test,storage-quota-warning.invalid.test,Storage Alert: 99.8% Quota Exceeded - Delete files or re-authenticate,"Alert:

Your cloud mailbox and file storage has reached 99.8% of allocated capacity.
Important incoming client messages are currently bouncing.

Click the link below immediately to expand your quota to 50 GB free of charge:
http://198.51.100.88/cloud-storage/quota-expand

Enter your credentials to validate account entitlement.

Cloud Operations Center",http://198.51.100.88/cloud-storage/quota-expand,,PHISHING
PHISH_0287,ceo-direct@executive-urgent-board.invalid.test,executive-urgent-board.invalid.test,QUICK REQUEST: Need urgent purchase done immediately,"Are you at your desk right now?

I am currently tied up in an emergency executive board meeting and cannot take phone calls.
I need you to urgently process an emergency purchase of 5x $200 Apple / Google Play gift cards for a critical client presentation.

Please purchase them immediately, scratch off the back, and reply with the codes and receipt.
I will ensure finance reimburses you by end of day.

Treat this with utmost confidentiality and speed.

Sent from my iPhone",,,PHISHING
LEGIT_0002,security-team@brightline.example.com,brightline.example.com,Password Change Completed Successfully,"Dear Employee,

This notification confirms that the password for your corporate domain user account was changed on December 01, 2026.

If you performed this action, no further steps are required.
If you did NOT authorize this change, please contact the IT Security Operations Helpdesk immediately at extension 4357 or via our internal security ticketing system:
https://servicedesk.brightline.example.com/tickets

Regards,
Corporate Information Security Operations",https://servicedesk.brightline.example.com/tickets,,LEGITIMATE
LEGIT_0182,orders@store.example.com,store.example.com,Order Confirmation #574316 - Thank you for shopping with us,"Hi Account Holder,

We have received your order #574316 placed on October 12, 2026.
Your items are currently being prepared for shipment. You will receive another notification with tracking details as soon as the package leaves our warehouse.

View order details: https://store.example.com/account/orders/574316

Estimated delivery: 3-5 business days.

Thank you,
Customer Care Team",https://store.example.com/account/orders/574316,Receipt_574316.pdf,LEGITIMATE
LEGIT_0131,hr-benefits@brightline.example.org,brightline.example.org,Annual Health Benefits Open Enrollment Window,"Dear Employee,

The annual benefits enrollment period will open next Monday and run through November 15.
During this window, you can review or modify your medical, dental, and vision insurance coverage.

Detailed benefit summaries and contribution calculators are available on the employee intranet:
https://intranet.brightline.example.org/hr/benefits-2026

Please reach out to hr-benefits@brightline.example.org if you have any questions.

Sincerely,
Human Resources Department",https://intranet.brightline.example.org/hr/benefits-2026,Benefits_Guide_2026.pdf,LEGITIMATE
PHISH_0002,it-desk@global-system-update.invalid.test,global-system-update.invalid.test,CRITICAL: Password Expiration Notice - Upgrade Email Quota Immediately,"Attention Employee,

Your corporate email password and mailbox storage quota will expire in 2 hours.
All incoming and outgoing communications will be blocked unless you confirm your existing password and upgrade your mailbox capacity.

Keep Same Password and Retain Access: Click Here Immediately:
http://login.corporate-mail.invalid.test/user-portal/login.php

Enter your email, current password, and two-factor code to restore full access.

IT Support Helpdesk",http://login.corporate-mail.invalid.test/user-portal/login.php,Update_Patch.bat,PHISHING
PHISH_0015,it-desk@global-system-update.invalid.test,global-system-update.invalid.test,CRITICAL: Password Expiration Notice - Upgrade Email Quota Immediately,"Attention Employee,

Your corporate email password and mailbox storage quota will expire in 2 hours.
All incoming and outgoing communications will be blocked unless you confirm your existing password and upgrade your mailbox capacity.

Keep Same Password and Retain Access: Click Here Immediately:
http://login.corporate-mail.invalid.test/user-portal/login.php

Enter your email, current password, and two-factor code to restore full access.

IT Support Helpdesk",http://login.corporate-mail.invalid.test/user-portal/login.php,Update_Patch.bat,PHISHING
PHISH_0088,it-desk@global-system-update.invalid.test,global-system-update.invalid.test,CRITICAL: Password Expiration Notice - Upgrade Email Quota Immediately,"Attention Employee,

Your corporate email password and mailbox storage quota will expire in 2 hours.
All incoming and outgoing communications will be blocked unless you confirm your existing password and upgrade your mailbox capacity.

Keep Same Password and Retain Access: Click Here Immediately:
http://login.corporate-mail.invalid.test/user-portal/login.php

Enter your email, current password, and two-factor code to restore full access.

IT Support Helpdesk",http://login.corporate-mail.invalid.test/user-portal/login.php,Update_Patch.bat,PHISHING
LEGIT_0180,security-team@novasolutions.example.com,novasolutions.example.com,Password Change Completed Successfully,"Dear Employee,

This notification confirms that the password for your corporate domain user account was changed on December 01, 2026.

If you performed this action, no further steps are required.
If you did NOT authorize this change, please contact the IT Security Operations Helpdesk immediately at extension 4357 or via our internal security ticketing system:
https://servicedesk.novasolutions.example.com/tickets

Regards,
Corporate Information Security Operations",https://servicedesk.novasolutions.example.com/tickets,,LEGITIMATE
